"CMP.Row","Country.Name","Date","CMP.Party.ID","Party.Name","Vote.Pct","Total.Per.Codes","Dimension.Emphasis","Raw.Nicheness.Score","Mean.Nicheness.Score","Standardised.Nicheness.Score"
87,"Sweden","18/09/1994",11220,"Left Party",6.174,176,0,2.2926764729672,1.4439376251534,0.848738847813798
88,"Sweden","18/09/1994",11320,"Social Democratic Labour Party",45.25,206,1.456,1.33606817367856,1.6571637891334,-0.321095615454849
89,"Sweden","18/09/1994",11420,"Liberal People’s Party",7.192,192,2.083,0.0618016837182105,1.62143467674304,-1.55963299302483
90,"Sweden","18/09/1994",11520,"Christian Democratic Community Party",4.068,86,12.791,11.1397539396948,1.05811864105711,10.0816352986376
91,"Sweden","18/09/1994",11620,"Moderate Coalition Party",22.38,199,2.513,0.491671822795968,1.82143200653392,-1.32976018373795
92,"Sweden","18/09/1994",11810,"Centre Party",7.653,165,1.212,1.01149835418038,1.54444514169575,-0.532946787515371
93,"Sweden","21/09/1998",11110,"Green Ecology Party",4.5,72,0,1.34954811625404,1.99816062632909,-0.648612510075056
94,"Sweden","21/09/1998",11220,"Left Party",11.99,331,0,1.46789626507435,2.03842656001492,-0.570530294940575
95,"Sweden","21/09/1998",11320,"Social Democratic Labour Party",36.39,256,0.391,1.43074282904442,2.28876179577429,-0.858018966729873
96,"Sweden","21/09/1998",11420,"Liberal People’s Party",4.72,84,2.381,1.14950776866638,2.00988791585035,-0.860380147183973
97,"Sweden","21/09/1998",11520,"Christian Democrats",11.77,167,7.186,6.70960387714586,1.3164784663682,5.39312541077766
98,"Sweden","21/09/1998",11620,"Moderate Coalition Party",22.9,334,0.299,1.29195194630872,2.1760589146127,-0.884106968303974
99,"Sweden","21/09/1998",11810,"Centre Party",5.13,242,1.653,0.38614045735342,2.05615246735551,-1.67001201000209
100,"Sweden","15/09/2002",11110,"Green Ecology Party",4.646,161,0,2.75466885672467,3.27412222468467,-0.519453367960004
101,"Sweden","15/09/2002",11220,"Left Party",8.388,407,0,2.87115231713243,3.28504660556233,-0.413894288429898
102,"Sweden","15/09/2002",11320,"Social Democratic Labour Party",39.854,273,0.733,3.21011291142792,3.27653593789057,-0.0664230264626489
103,"Sweden","15/09/2002",11420,"Liberal People’s Party",13.394,429,2.331,0.338343346868375,3.71620832122581,-3.37786497435743
104,"Sweden","15/09/2002",11520,"Christian Democrats",9.15,332,15.663,14.4004994927677,2.08617574794895,12.3143237448187
105,"Sweden","15/09/2002",11620,"Moderate Coalition Party",15.256,423,2.836,0.253324765696784,3.8091532285043,-3.55582846280752
106,"Sweden","15/09/2002",11810,"Centre Party",6.193,263,1.14,1.58380978740296,3.36294020034345,-1.77913041294049
107,"Sweden","17/09/2006",11110,"Green Ecology Party",5.244,198,0,3.67419692870694,1.14020560813497,2.53399132057197
108,"Sweden","17/09/2006",11220,"Left Party",5.85,389,1.285,2.32939961797981,1.21176618916153,1.11763342881829
109,"Sweden","17/09/2006",11320,"Social Democratic Labour Party",34.994,393,3.816,0.55017186051607,1.71216204804623,-1.16199018753016
110,"Sweden","17/09/2006",11420,"Liberal People’s Party",7.537,605,1.488,2.15404895725314,1.2052697072567,0.948779249996436
111,"Sweden","17/09/2006",11520,"Christian Democrats",6.593,124,9.677,6.67351191100372,0.875851561018292,5.79766034998542
112,"Sweden","17/09/2006",11620,"Moderate Coalition Party",26.23,858,3.38,0.124575605386434,1.72654899267721,-1.60197338729078
113,"Sweden","17/09/2006",11810,"Centre Party",7.879,314,2.866,0.658977686007773,1.33777923949161,-0.678801553483841
114,"Sweden","19/09/2010",11110,"Green Ecology Party",7.34,262,0.382,3.1053281455502,3.86064763276536,-0.755319487215159
115,"Sweden","19/09/2010",11220,"Left Party",5.6,254,1.182,2.19903355560336,3.90109712508572,-1.70206356948237
116,"Sweden","19/09/2010",11320,"Social Democratic Labour Party",30.66,282,0.355,4.21071554770318,3.62099617063118,0.589719377071998
117,"Sweden","19/09/2010",11420,"Liberal People’s Party",7.06,916,2.402,0.92000152972028,4.02691638769694,-3.10691485797667
118,"Sweden","19/09/2010",11520,"Christian Democrats",5.6,479,9.812,6.95073413637341,3.61491167388856,3.33582246248485
119,"Sweden","19/09/2010",11620,"Moderate Coalition Party",30.06,1896,2.848,0.587154991243433,5.21583070001564,-4.62867570877221
120,"Sweden","19/09/2010",11710,"Sweden Democrats",5.7,204,24.51,22.558226744186,2.65349597502142,19.9047307691646
121,"Sweden","19/09/2010",11810,"Centre Party",6.56,759,0.527,2.92366920234732,3.86719548613835,-0.943526283791036
122,"Sweden","14/09/2014",11110,"Green Ecology Party",6.889,497,6.439,1.01499624794985,4.6236313239396,-3.60863507598975
123,"Sweden","14/09/2014",11220,"Left Party",5.718,360,3.889,1.70985279801306,4.53272332598813,-2.82287052797507
124,"Sweden","14/09/2014",11320,"Social Democratic Labour Party",31.015,543,0.921,6.76295829994452,3.21804799780871,3.54491030213582
125,"Sweden","14/09/2014",11420,"Liberal People’s Party",5.42,436,7.798,2.43891994430139,4.47975705071964,-2.04083710641825
126,"Sweden","14/09/2014",11520,"Christian Democrats",4.57,389,6.169,0.705716697504845,4.54748455761613,-3.84176786011129
127,"Sweden","14/09/2014",11620,"Moderate Coalition Party",23.325,1636,5.989,0.650227136204569,5.55801954196096,-4.90779240575639
128,"Sweden","14/09/2014",11710,"Sweden Democrats",12.857,316,15.506,11.5585996989765,3.25069001826419,8.30790968071233
129,"Sweden","14/09/2014",11810,"Centre Party",6.113,380,3.684,1.93633036728512,4.52972286356959,-2.59339249628447
209,"Norway","13/09/1993",12320,"Norwegian Labour Party",36.911,1162,2.323,7.15636542491269,3.36272794580091,3.79363747911177
210,"Norway","13/09/1993",12420,"Liberal Party",3.614,1200,7.25,0.789266511074178,5.12289677091964,-4.33363025984546
211,"Norway","13/09/1993",12520,"Christian People’s Party",7.875,980,21.224,16.1707366585584,3.84877694771873,12.3219597108397
212,"Norway","13/09/1993",12620,"Conservative Party",17.034,1084,6.919,0.527629583992606,5.99963538361737,-5.47200579962476
213,"Norway","13/09/1993",12810,"Centre Party",16.742,2014,8.044,1.91313638455424,5.65387710294836,-3.74074071839412
214,"Norway","13/09/1993",12951,"Progress Party",6.275,1602,6.804,0.33476753553349,5.2979329273761,-4.96316539184261
215,"Norway","16/09/1997",12221,"Socialist Left Party",6.01,3379,3.314,3.95340571239524,3.9638839074231,-0.0104781950278645
216,"Norway","16/09/1997",12320,"Norwegian Labour Party",35,3633,4.1,4.57929145728643,3.61370984035657,0.965581616929859
217,"Norway","16/09/1997",12420,"Liberal Party",4.45,1469,3.879,3.29428642671292,3.99550505700075,-0.701218630287831
218,"Norway","16/09/1997",12520,"Christian People’s Party",13.66,1341,16.854,11.4499309887992,2.73152961278604,8.71840137601319
219,"Norway","16/09/1997",12620,"Conservative Party",14.34,1246,8.026,1.1792161505768,4.44802673293686,-3.26881058236006
220,"Norway","16/09/1997",12810,"Centre Party",7.93,2729,5.864,1.2611010590356,4.204646571186,-2.9435455121504
221,"Norway","16/09/1997",12951,"Progress Party",15.3,2070,6.956,0.0780175697260104,4.69359002629087,-4.61557245656486
222,"Norway","10/09/2001",12221,"Socialist Left Party",12.548,2342,1.878,2.22341637505334,1.65242205646471,0.57099431858863
223,"Norway","10/09/2001",12320,"Norwegian Labour Party",24.293,2860,2.378,1.92218576917604,1.66112373337882,0.26106203579722
224,"Norway","10/09/2001",12420,"Liberal Party",3.905,2632,1.406,2.50377495642966,1.69478239570987,0.808992560719793
225,"Norway","10/09/2001",12520,"Christian People’s Party",12.405,3129,8.852,5.8074547579055,1.11226353323237,4.69519122467313
226,"Norway","10/09/2001",12620,"Conservative Party",21.208,1328,3.992,0.239284138777179,2.15865429241274,-1.91937015363556
227,"Norway","10/09/2001",12810,"Centre Party",5.563,3378,3.997,0.202533741573033,1.82355200483991,-1.62101826326688
228,"Norway","10/09/2001",12951,"Progress Party",14.641,2362,3.853,0.0551591676884966,2.03467428569099,-1.9795151180025
229,"Norway","12/09/2005",12221,"Socialist Left Party",8.83,2195,2.46,0.515946447032093,1.80049672790315,-1.28455028087106
230,"Norway","12/09/2005",12320,"Norwegian Labour Party",32.69,1664,1.322,2.42557743318008,1.30526619356832,1.12031123961176
231,"Norway","12/09/2005",12420,"Liberal Party",5.917,2761,2.608,0.341789416965405,1.7706807233586,-1.42889130639319
232,"Norway","12/09/2005",12520,"Christian People’s Party",6.78,1666,6.723,4.0796744823758,1.50301791407672,2.57665656829908
233,"Norway","12/09/2005",12620,"Conservative Party",14.098,1622,4.623,1.98268640719214,1.63240110966291,0.350285297529229
234,"Norway","12/09/2005",12810,"Centre Party",6.484,3771,2.28,0.695467417645041,1.7542698527731,-1.05880243512806
235,"Norway","12/09/2005",12951,"Progress Party",22.056,2638,3.526,0.773155309562962,1.95178836740127,-1.17863305783831
236,"Norway","14/09/2009",12221,"Socialist Left Party",6.2,2825,1.381,3.02718685854162,1.86939167580184,1.15779518273978
237,"Norway","14/09/2009",12320,"Norwegian Labour Party",35.379,2125,3.105,1.74465983010885,2.05658230436292,-0.311922474254072
238,"Norway","14/09/2009",12420,"Liberal Party",3.882,2110,0.569,3.79781588327856,1.86609670753588,1.93171917574268
239,"Norway","14/09/2009",12520,"Christian People’s Party",5.544,3042,9.401,5.49902754013318,1.7283193750633,3.77070816506988
240,"Norway","14/09/2009",12620,"Conservative Party",17.236,1473,4.549,0.40554322113283,2.27417806308295,-1.86863484195012
241,"Norway","14/09/2009",12810,"Centre Party",6.15,3694,3.626,0.629055139274391,2.03182982604298,-1.40277468676859
242,"Norway","14/09/2009",12951,"Progress Party",22.91,2011,5.967,2.29117280316167,1.83599145944735,0.455181343714326
243,"Norway","09/09/2013",12110,"Green Party",2.791,1650,3.939,3.74099404541168,1.8003203931171,1.94067365229458
244,"Norway","09/09/2013",12221,"Socialist Left Party",4.091,3619,7.93,0.373166306765077,1.92123559096436,-1.54806928419928
245,"Norway","09/09/2013",12320,"Labour Party",30.845,2691,8.918,1.97115245676723,1.80253827060691,0.168614186160323
246,"Norway","09/09/2013",12420,"Liberal Party",5.228,2588,5.719,1.95893803837118,1.85021127358963,0.108726764781553
247,"Norway","09/09/2013",12520,"Christian People’s Party",5.588,3596,12.82,5.56762942216981,1.62959949546257,3.93802992670724
248,"Norway","09/09/2013",12620,"Conservative Party",26.806,1365,6.666,1.25189317283915,2.08621926800448,-0.834326095165323
249,"Norway","09/09/2013",12810,"Centre Party",5.478,1712,6.075,1.58701078587476,1.87213458152668,-0.285123795651923
250,"Norway","09/09/2013",12951,"Progress Party",16.345,2519,6.352,1.46736515025919,1.93466378836952,-0.467298638110321
426,"Denmark","21/09/1994",13230,"Socialist People’s Party",7.284,719,2.225,1.35932696671069,3.22145154577433,-1.86212457906364
427,"Denmark","21/09/1994",13320,"Social Democratic Party",34.561,217,5.53,3.20396276300767,3.01007843188261,0.193884331125054
428,"Denmark","21/09/1994",13330,"Centre Democrats",2.84,195,5.128,1.69722796702175,3.12218441470788,-1.42495644768614
429,"Denmark","21/09/1994",13410,"Danish Social-Liberal Party",4.589,51,5.882,2.52165321750181,3.10804100584907,-0.586387788347266
430,"Denmark","21/09/1994",13420,"Liberals",23.295,209,0.957,3.334203125,2.99837141636568,0.335831708634315
431,"Denmark","21/09/1994",13520,"Christian People’s Party",1.848,61,18.033,14.8379659232316,2.84887213431713,11.9890937889144
432,"Denmark","21/09/1994",13620,"Conservative People’s Party",15.021,113,0.885,3.0783653432282,3.08027136537291,-0.00190602214471491
433,"Denmark","21/09/1994",13951,"Progress Party",6.433,323,2.477,1.0762674254791,3.22409308529846,-2.14782565981936
434,"Denmark","11/03/1998",13229,"Red-Green Unity List",2.7,117,5.128,7.29115105241436,4.16013652421748,3.13101452819689
435,"Denmark","11/03/1998",13230,"Socialist People’s Party",7.56,293,1.706,11.379078861612,3.65914298908201,7.71993587252998
436,"Denmark","11/03/1998",13320,"Social Democratic Party",35.93,384,11.458,1.19428104883027,5.96602326400071,-4.77174221517043
437,"Denmark","11/03/1998",13330,"Centre Democrats",4.31,214,3.738,8.8671719651663,4.03597763717144,4.83119432799486
438,"Denmark","11/03/1998",13410,"Danish Social-Liberal Party",3.85,165,7.272,5.14851289547875,4.20867458620741,0.939838309271343
439,"Denmark","11/03/1998",13420,"Liberals",24.01,70,15.714,4.60149398227748,4.13179036178011,0.469703620497363
440,"Denmark","11/03/1998",13520,"Christian People’s Party",2.51,81,37.037,25.4568656163114,3.69673367389285,21.7601319424185
441,"Denmark","11/03/1998",13620,"Conservative People’s Party",8.92,241,12.033,0.207081146637268,4.64210998832053,-4.43502884168326
442,"Denmark","11/03/1998",13720,"Danish People’s Party",7.41,72,16.667,4.80269840581282,4.20017942285656,0.602518982956254
443,"Denmark","11/03/1998",13951,"Progress Party",2.42,50,14,1.82273950617284,4.3053036025076,-2.48256409633476
444,"Denmark","20/11/2001",13229,"Red-Green Unity List",2.4,159,4.403,10.9902766694666,8.88464811616646,2.10562855330015
445,"Denmark","20/11/2001",13230,"Socialist People’s Party",6.37,130,3.077,12.8868696176181,8.66069016244315,4.22617945517491
446,"Denmark","20/11/2001",13320,"Social Democratic Party",29.08,1125,7.91,10.272614789965,8.36964574822391,1.90296904174109
447,"Denmark","20/11/2001",13410,"Danish Social-Liberal Party",5.19,53,9.434,6.00851389940508,9.10077191403462,-3.09225801462954
448,"Denmark","20/11/2001",13420,"Liberals",31.25,69,14.493,0.926741226088264,12.7065806186949,-11.7798393926066
449,"Denmark","20/11/2001",13520,"Christian People’s Party",2.28,77,40.26,25.7378725880872,8.53469170605678,17.2031808820305
450,"Denmark","20/11/2001",13620,"Conservative People’s Party",9.07,108,15.741,0.681137744157164,9.78178425257884,-9.10064650842168
451,"Denmark","20/11/2001",13720,"Danish People’s Party",12,20,40,28.3626474778141,6.21437156535082,22.1482759124633
452,"Denmark","08/02/2005",13229,"Red-Green Unity List",3.399,223,2.69,8.82381879661757,4.90631041955761,3.91750837705995
453,"Denmark","08/02/2005",13230,"Socialist People’s Party",5.989,529,0.945,10.9243625629857,4.66369252612773,6.26067003685801
454,"Denmark","08/02/2005",13320,"Social Democratic Party",25.835,289,11.765,0.745335383198331,6.54278538824031,-5.79745000504198
455,"Denmark","08/02/2005",13330,"Centre Democrats",1,64,0,11.3265275539474,4.97620018186731,6.35032737208004
456,"Denmark","08/02/2005",13410,"Danish Social-Liberal Party",9.181,88,6.818,4.8408249005305,5.06012157698262,-0.219296676452118
457,"Denmark","08/02/2005",13420,"Liberals",29.031,253,12.253,1.4676440322809,6.50822936140466,-5.04058532912376
458,"Denmark","08/02/2005",13520,"Christian People’s Party",1.7,206,31.553,20.6931023366442,4.76827655623016,15.924825780414
459,"Denmark","08/02/2005",13620,"Conservative People’s Party",10.273,175,3.428,8.67956131695529,4.62163019966971,4.05793111728558
460,"Denmark","08/02/2005",13720,"Danish People’s Party",13.253,50,22,12.4416195838348,3.90466888890606,8.53695069492877
461,"Denmark","13/11/2007",13001,"New Alliance",2.81,48,10.417,0.791010071643649,7.80011890195514,-7.00910883031149
462,"Denmark","13/11/2007",13229,"Red-Green Unity List",2.17,303,4.95,4.80357772047447,7.66403740170385,-2.86045968122938
463,"Denmark","13/11/2007",13230,"Socialist People’s Party",13.04,70,0,11.1100239312268,7.06990564225629,4.04011828897048
464,"Denmark","13/11/2007",13320,"Social Democratic Party",25.47,117,4.274,7.23302077393075,7.7288139937081,-0.495793219777347
465,"Denmark","13/11/2007",13410,"Danish Social-Liberal Party",5.12,52,7.692,2.06297680851064,7.90308243073451,-5.84010562222387
466,"Denmark","13/11/2007",13420,"Liberals",26.26,129,13.954,5.85739253362613,8.22998986845451,-2.37259733482838
467,"Denmark","13/11/2007",13620,"Conservative People’s Party",10.39,121,7.437,2.47036425109884,8.20224394432211,-5.73187969322327
468,"Denmark","13/11/2007",13720,"Danish People’s Party",13.86,47,23.405,15.9928775510204,6.23728485680829,9.75559269421212
469,"Denmark","15/09/2011",13001,"Liberal Alliance",4.976,87,3.448,5.80707906305082,7.38061970072478,-1.57354063767396
470,"Denmark","15/09/2011",13229,"Red-Green Unity List",6.682,450,6.889,2.22456719871961,7.66852095305341,-5.4439537543338
471,"Denmark","15/09/2011",13230,"Socialist People’s Party",9.196,491,0.611,9.20650737010605,7.10692751969924,2.09957985040681
472,"Denmark","15/09/2011",13320,"Social Democratic Party",24.857,169,1.775,9.59370814433961,6.53481599861031,3.05889214572931
473,"Denmark","15/09/2011",13410,"Danish Social-Liberal Party",9.479,127,11.811,3.14832238639532,7.7406755471643,-4.59235316076898
474,"Denmark","15/09/2011",13420,"Liberals",26.739,226,12.389,4.69014461092315,8.26594284113962,-3.57579823021647
475,"Denmark","15/09/2011",13620,"Conservative People’s Party",4.922,142,12.676,3.9062528652687,7.47900342760153,-3.57275056233283
476,"Denmark","15/09/2011",13720,"Danish People’s Party",12.303,346,21.965,14.8430706151915,6.23336207774117,8.60970853745037
573,"Finland","17/03/1991",14223,"Left Wing Alliance",10.075,56,0,0.796605542073201,1.63993207491799,-0.843326532844792
574,"Finland","17/03/1991",14320,"Finnish Social Democrats",22.124,85,0,0.936288292221495,1.74283391920186,-0.806545626980367
575,"Finland","17/03/1991",14420,"Liberal People’s Party",0.778,100,7,6.34609820010882,1.50493566066754,4.84116253944127
576,"Finland","17/03/1991",14520,"Finnish Christian Union",3.05,140,0,0.732860039412683,1.57466256381615,-0.841802524403463
577,"Finland","17/03/1991",14620,"National Coalition",19.314,67,0,0.899504369101713,1.72108000769289,-0.821575638591175
578,"Finland","17/03/1991",14810,"Finnish Centre",24.825,79,0,0.974597055170116,1.76142792499267,-0.786830869822555
579,"Finland","17/03/1991",14820,"Finnish Rural Party",4.847,107,12.15,12.0866685273049,0.952288498734971,11.1343800285699
580,"Finland","17/03/1991",14901,"Swedish People’s Party",5.826,130,0,0.75679072612424,1.60051065324909,-0.843719927124845
581,"Finland","19/03/1995",14110,"Green Union",6.516,67,0,3.17119489060044,3.62728423855204,-0.456089347951599
582,"Finland","19/03/1995",14223,"Left Wing Alliance",11.16,47,2.128,0.93715124657647,3.9452465297513,-3.00809528317483
583,"Finland","19/03/1995",14320,"Finnish Social Democrats",28.251,51,0,4.18507975640611,3.35176778763639,0.833311968769716
584,"Finland","19/03/1995",14430,"Young Finnish Party",2.807,53,7.548,4.729482071372,3.56235854861586,1.16712352275614
585,"Finland","19/03/1995",14520,"Finnish Christian Union",2.96,107,25.234,22.9845017314764,2.98112466428823,20.0033770671882
586,"Finland","19/03/1995",14620,"National Coalition",17.894,171,1.17,2.19453250615913,3.91661370801408,-1.72208120185495
587,"Finland","19/03/1995",14810,"Finnish Centre",19.85,41,4.878,2.42088530170326,3.90188906822875,-1.48100376652549
588,"Finland","19/03/1995",14820,"Finnish Rural Party",1.301,107,12.15,9.31952195255551,3.51796936625217,5.80155258630334
589,"Finland","19/03/1995",14901,"Swedish People’s Party",5.494,193,5.699,2.90858148095086,3.63804779952371,-0.729466318572852
590,"Finland","21/03/1999",14110,"Green Union",7.27,256,2.734,5.88946461033784,9.27258787563792,-3.38312326530008
591,"Finland","21/03/1999",14223,"Left Wing Alliance",10.878,393,1.017,8.08073247333286,9.13443779044018,-1.05370531710732
592,"Finland","21/03/1999",14320,"Finnish Social Democrats",22.86,73,5.479,3.54701922331173,10.744683510969,-7.19766428765727
593,"Finland","21/03/1999",14520,"Finnish Christian Union",4.127,72,26.388,19.0415804348065,8.55877569324329,10.4828047415632
594,"Finland","21/03/1999",14620,"National Coalition",21.03,112,16.964,11.2880712105249,8.367855986622,2.9202152239029
595,"Finland","21/03/1999",14810,"Finnish Centre",22.399,286,0.35,10.2345315076034,8.63759329019615,1.59693821740724
596,"Finland","21/03/1999",14820,"True Finns",0.99,187,9.626,1.4682211025363,9.09327177306589,-7.62505067052959
597,"Finland","21/03/1999",14901,"Swedish People’s Party",5.51,124,25,17.8622436518748,8.46944888167007,9.39279477020478
598,"Finland","16/03/2003",14110,"Green Union",8.008,352,0.852,1.89834819325752,2.69135952487684,-0.793011331619321
599,"Finland","16/03/2003",14223,"Left Wing Alliance",9.928,37,0,2.88907643903445,2.59607299864797,0.293003440386487
600,"Finland","16/03/2003",14320,"Finnish Social Democrats",24.473,194,2.062,0.710960990907966,3.27066185329341,-2.55970086238544
601,"Finland","16/03/2003",14520,"Christian Democrats in Finland",5.337,64,18.75,17.0949849951545,1.78516067388564,15.3098243212688
602,"Finland","16/03/2003",14620,"National Coalition",18.551,205,2.439,0.191457677778767,3.20043758628265,-3.00897990850388
603,"Finland","16/03/2003",14810,"Finnish Centre",24.694,550,0.364,2.98963889348786,2.50211910721558,0.487519786272276
604,"Finland","16/03/2003",14820,"True Finns",1.569,187,9.626,7.14749815386224,2.55180493827064,4.5956932155916
605,"Finland","16/03/2003",14901,"Swedish People’s Party",4.614,291,5.498,3.04885791918755,2.60492983240755,0.44392808678
606,"Finland","18/03/2007",14110,"Green Union",8.46,340,3.235,2.03073365320241,4.7585457955336,-2.72781214233119
607,"Finland","18/03/2007",14223,"Left Wing Alliance",8.82,390,1.538,3.90360867129733,4.58448411854102,-0.680875447243689
608,"Finland","18/03/2007",14320,"Finnish Social Democrats",21.44,398,1.508,4.58479266701461,4.50604026775862,0.0787523992559933
609,"Finland","18/03/2007",14520,"Christian Democrats in Finland",4.97,278,10.791,6.00470550961229,4.44417886928408,1.5605266403282
610,"Finland","18/03/2007",14620,"National Coalition",22.26,180,7.223,2.75848971247692,5.04137298736584,-2.28288327488892
611,"Finland","18/03/2007",14810,"Finnish Centre",23.11,782,2.303,3.64685754301721,4.79341073873131,-1.1465531957141
612,"Finland","18/03/2007",14820,"True Finns",4.05,583,11.321,6.49878262256727,4.43816666255893,2.06061596000833
613,"Finland","18/03/2007",14901,"Swedish People’s Party",4.97,106,22.642,18.4882849318011,3.77783379648548,14.7104511353156
614,"Finland","17/04/2011",14110,"Green Union",7.252,617,5.996,1.66841238056403,7.14232129676739,-5.47390891620335
615,"Finland","17/04/2011",14223,"Left Wing Alliance",8.132,172,1.744,6.32154601097275,6.77483175385878,-0.453285742886035
616,"Finland","17/04/2011",14320,"Finnish Social Democrats",19.103,571,1.226,7.84412256616976,6.46917332610391,1.37494924006585
617,"Finland","17/04/2011",14520,"Christian Democrats in Finland",4.03,638,12.382,5.04869525654261,6.8096356663654,-1.7609404098228
618,"Finland","17/04/2011",14620,"National Coalition",20.382,400,3,5.73349878235772,7.00081493833462,-1.2673161559769
619,"Finland","17/04/2011",14810,"Finnish Centre",15.76,1056,9.091,1.84713884058324,7.67442339997853,-5.8272845593953
620,"Finland","17/04/2011",14820,"True Finns",19.053,1483,18.947,14.1591042337024,4.9458183101484,9.213285923554
621,"Finland","17/04/2011",14901,"Swedish People’s Party",4.279,171,9.942,2.51069676242104,6.93020261316402,-4.41950585074299
829,"Belgium","24/11/1991",21112,"Live Differently",4.861,357,5.042,1.78306266874413,1.62581126542906,0.157251403315065
830,"Belgium","24/11/1991",21321,"Flemish Socialist Party",11.976,3013,1.694,1.92107616745927,1.5897974742698,0.331278693189467
831,"Belgium","24/11/1991",21322,"Francophone Socialist Party",13.489,1552,2.062,1.52580789672494,1.65382150429193,-0.128013607566988
832,"Belgium","24/11/1991",21421,"Party of Liberty and Progress",11.977,188,2.128,1.41956019282494,1.66784123084134,-0.2482810380164
833,"Belgium","24/11/1991",21422,"Liberal Reformation Party",8.141,1705,2.405,1.04725356139461,1.69356671847879,-0.646313157084185
834,"Belgium","24/11/1991",21521,"Christian People’s Party",16.815,935,5.562,2.71983028992138,1.38134652012834,1.33848376979304
835,"Belgium","24/11/1991",21522,"Christian Social Party",7.736,803,4.733,1.50775495677446,1.64647187323757,-0.138716916463107
836,"Belgium","24/11/1991",21912,"Francophone Democratic Front of Francophones",1.474,298,3.021,0.341044749839934,1.6562025683136,-1.31515781847366
837,"Belgium","24/11/1991",21913,"Peoples’ Union",5.893,337,2.967,0.41702438436992,1.72079326508703,-1.30376888071711
838,"Belgium","24/11/1991",21914,"Flemish Bloc",6.576,343,4.373,1.09777613462519,1.67725195520931,-0.579475820584118
839,"Belgium","21/05/1995",21111,"Ecologists",4.008,339,0,3.11442114947143,1.23178859562643,1.882632553845
840,"Belgium","21/05/1995",21112,"Live Differently",4.431,381,5.25,2.38145685859299,1.25925446459,1.12220239400299
841,"Belgium","21/05/1995",21321,"Flemish Socialist Party",12.557,851,2.351,0.727720080860872,1.40281895069591,-0.675098869835037
842,"Belgium","21/05/1995",21322,"Francophone Socialist Party",11.871,1775,1.972,1.15561075868138,1.33507167262135,-0.179460913939964
843,"Belgium","21/05/1995",21421,"Flemish Liberals and Democrats",13.148,208,1.923,1.2309339798351,1.32562027045799,-0.0946862906228898
844,"Belgium","21/05/1995",21423,"Liberal Reformation Party - Francophone Democratic Front",10.264,630,2.698,0.318022045073124,1.43467149122328,-1.11664944615016
845,"Belgium","21/05/1995",21521,"Christian People’s Party",17.176,820,5.366,2.92021112824803,0.951363618571769,1.96884750967626
846,"Belgium","21/05/1995",21522,"Christian Social Party",7.726,1344,3.273,0.318049524186231,1.40169877666551,-1.08364925247928
847,"Belgium","21/05/1995",21913,"Peoples’ Union",4.669,795,2.768,0.224361276189406,1.36939764387967,-1.14503636769026
848,"Belgium","21/05/1995",21914,"Flemish Bloc",7.834,1468,2.52,0.503263261502621,1.38616085821625,-0.882897596713634
849,"Belgium","13/06/1999",21111,"Ecologists",7.359,1771,1.128,1.22710134377853,1.67594788460352,-0.448846540824997
850,"Belgium","13/06/1999",21112,"Live Differently",6.991,2554,0.821,1.55359928665938,1.64778562669978,-0.0941863400404011
851,"Belgium","13/06/1999",21321,"Flemish Socialist Party",9.549,630,0.317,2.16176139502353,1.58179926735858,0.579962127664954
852,"Belgium","13/06/1999",21322,"Francophone Socialist Party",10.165,1103,1.269,1.11010370069619,1.70518976654292,-0.595086065846723
853,"Belgium","13/06/1999",21421,"Flemish Liberals and Democrats",14.304,1494,4.285,2.39013218260848,1.50611856005648,0.884013622552002
854,"Belgium","13/06/1999",21425,"Liberal Reformation Party - Francophone Democratic Front - Citizens’ Movement for Change",10.14,1499,0.2,2.30817644390325,1.55998365943782,0.748192784465437
855,"Belgium","13/06/1999",21521,"Christian Democratic and Flemish",14.088,1386,4.257,2.35072206770403,1.51546678528443,0.835255282419593
856,"Belgium","13/06/1999",21522,"Christian Social Party",5.879,612,2.451,0.204888250195963,1.73667127511724,-1.53178302492128
857,"Belgium","13/06/1999",21914,"Flemish Bloc",9.87,1468,2.52,0.291722737874244,1.79921934569504,-1.5074966078208
858,"Belgium","13/06/1999",21915,"People’s Union - Complete Democracy for the 21st century",5.561,1845,3.522,1.34256634784085,1.65954484008494,-0.316978492244092
859,"Belgium","18/05/2003",21111,"Ecologists",3.06,473,1.479,1.51282617331906,3.07955469362666,-1.5667285203076
860,"Belgium","18/05/2003",21112,"Live Differently",2.47,978,4.498,1.59771629992654,3.06712117895484,-1.4694048790283
861,"Belgium","18/05/2003",21221,"Socialist Party Different - Spirit",14.908,420,0,3.49928318797527,2.93925557763359,0.560027610341679
862,"Belgium","18/05/2003",21322,"Francophone Socialist Party",13.024,648,0.154,3.23867670944145,2.99441930950772,0.244257399933724
863,"Belgium","18/05/2003",21421,"Flemish Liberals and Democrats",15.356,268,6.716,4.51343957713571,2.73721686765848,1.77622270947723
864,"Belgium","18/05/2003",21426,"Reform Movement",11.396,334,0,3.34992691078352,2.98384414516756,0.36608276561596
865,"Belgium","18/05/2003",21521,"Christian Democratic and Flemish",13.249,428,5.14,2.55959249036429,3.10559957686528,-0.546007086500988
866,"Belgium","18/05/2003",21522,"Christian Social Party",5.472,1327,5.727,2.95733441790334,3.0327851637324,-0.0754507458290594
867,"Belgium","18/05/2003",21914,"Flemish Bloc",11.68,1468,2.52,0.482578519250235,3.391003521595,-2.90842500234476
868,"Belgium","18/05/2003",21916,"New Flemish Alliance",3.064,330,8.485,5.73000363074546,2.93702680293005,2.79297682781541
869,"Belgium","10/06/2007",21111,"Ecologists",5.102,4698,1.98,3.46725173235416,3.86799913836666,-0.400747406012496
870,"Belgium","10/06/2007",21112,"Green!",3.985,3331,3.002,2.39981434673956,3.8897645921015,-1.48995024536194
871,"Belgium","10/06/2007",21221,"Socialist Party Different - Spirit",0,192,3.125,2.22334470014649,3.85656739367279,-1.63322269352631
872,"Belgium","10/06/2007",21321,"Socialist Party Different",10.259,157,3.185,2.29498415136866,3.95158968070858,-1.65660552933991
873,"Belgium","10/06/2007",21322,"Francophone Socialist Party",10.864,4786,2.215,3.33597971903089,3.8902340672683,-0.55425434823741
874,"Belgium","10/06/2007",21330,"Social, Progressive, International, Regionalist, Integrally Democartic  and Forward-Looking",0,1009,3.766,1.58234470014649,3.85656739367279,-2.27422269352631
875,"Belgium","10/06/2007",21421,"Open Flemish Liberals and Democrats",11.83,1987,5.737,0.416183033576013,4.10024343412174,-3.68406040054573
876,"Belgium","10/06/2007",21426,"Reform Movement",12.517,6049,1.223,4.43578037959083,3.81298112636765,0.622799253223182
877,"Belgium","10/06/2007",21430,"List Dedecker",4.027,891,3.815,1.56866406790713,3.90926741536772,-2.34060334746059
878,"Belgium","10/06/2007",21521,"Christian Democratic and Flemish",14.808,2168,6.78,1.56088704997379,4.06379240695867,-2.50290535698488
879,"Belgium","10/06/2007",21522,"Christian Social Party",6.057,5011,1.637,3.84143732240722,3.8570977433991,-0.0156604209918778
880,"Belgium","10/06/2007",21916,"New Flemish Alliance",3.702,1036,3.668,1.71586034415822,3.9018132229942,-2.18595287883598
881,"Belgium","10/06/2007",21917,"Flemish Interest",11.99,2271,20.476,16.2146518182472,2.96857817939861,13.2460736388486
882,"Belgium","13/06/2010",21111,"Ecologists",4.796,3197,2.095,2.64898488896872,2.85155242358229,-0.202567534613562
883,"Belgium","13/06/2010",21112,"Green!",4.381,1989,3.57,1.08949066365699,2.92695921854285,-1.83746855488587
884,"Belgium","13/06/2010",21321,"Socialist Party Different",9.236,920,1.74,3.18169447267056,2.8040454422109,0.377649030459659
885,"Belgium","13/06/2010",21322,"Francophone Socialist Party",13.704,2232,1.882,3.19274991891825,2.78110754206031,0.411642376857935
886,"Belgium","13/06/2010",21421,"Open Flemish Liberals and Democrats",8.639,1603,5.552,1.03897537281036,3.02387633443176,-1.9849009616214
887,"Belgium","13/06/2010",21426,"Reform Movement",9.278,5481,3.356,1.39003227255532,3.0003663783915,-1.61033410583618
888,"Belgium","13/06/2010",21430,"List Dedecker",2.307,41,7.317,2.77659600493649,2.8428306752976,-0.0662346703611059
889,"Belgium","13/06/2010",21521,"Christian Democratic and Flemish",10.846,2042,2.841,1.99856258431297,2.95128278950911,-0.952720205196137
890,"Belgium","13/06/2010",21522,"Christian Social Party",5.522,6787,3.226,1.46906223117671,2.92696552797013,-1.45790329679342
891,"Belgium","13/06/2010",21916,"New Flemish Alliance",17.398,1360,6.325,2.10684198137881,3.00827590900766,-0.901433927628857
892,"Belgium","13/06/2010",21917,"Flemish Interest",7.763,682,14.223,10.4811418351586,2.15242207996245,8.32871975519614
988,"Netherlands","03/05/1994",22220,"Socialist Party",1.322,570,8.069,2.61365680201145,3.53069725889359,-0.917040456882139
989,"Netherlands","03/05/1994",22320,"Labour Party",23.973,2278,4.654,1.12141909791849,4.32920176180343,-3.20778266388494
990,"Netherlands","03/05/1994",22330,"Democrats‘66",15.49,2318,1.207,5.12179478416586,3.20460133911774,1.91719344504812
991,"Netherlands","03/05/1994",22420,"People’s Party for Freedom and Democracy",19.956,549,2.915,3.26397836458152,3.58562522685998,-0.321646862278461
992,"Netherlands","03/05/1994",22521,"Christian Democratic Appeal",22.217,2005,5.486,0.00757045611134188,4.59258206933061,-4.58501161321927
993,"Netherlands","03/05/1994",22527,"Reformed Political League",1.3,1306,24.195,18.9632846812926,3.30312881479851,15.6601558664941
994,"Netherlands","03/05/1994",22528,"Reformatory Political Federation",1.8,2041,17.492,12.2324984567735,3.34921415222081,8.88328430455272
995,"Netherlands","03/05/1994",22711,"Centre Democrats",2.5,388,28.607,23.7413811154334,2.97006534838238,20.771315767051
996,"Netherlands","03/05/1994",22952,"Reformed Political Party",1.729,955,28.482,23.4173576049346,3.14817922473959,20.269178380195
997,"Netherlands","03/05/1994",22954,"General Elderly Alliance",3.6,940,2.659,2.94463286433373,3.54053971819609,-0.595906853862359
998,"Netherlands","03/05/1994",22955,"Union 55+",0.9,229,6.987,1.5095369859512,3.53715946091996,-2.02762247496876
999,"Netherlands","06/05/1998",22110,"Green Left",7.27,1387,3.893,1.13650492927083,4.3144122831489,-3.17790735387807
1000,"Netherlands","06/05/1998",22220,"Socialist Party",3.528,1810,1.712,3.35439061612492,4.10310972903908,-0.748719112914162
1001,"Netherlands","06/05/1998",22320,"Labour Party",28.98,2030,2.069,4.10309953284112,4.06418691275566,0.0389126200854655
1002,"Netherlands","06/05/1998",22330,"Democrats‘66",8.99,2516,3.14,1.98881689756053,4.28941104296706,-2.30059414540653
1003,"Netherlands","06/05/1998",22420,"People’s Party for Freedom and Democracy",24.69,939,3.194,2.3491260897889,4.66674196631472,-2.31761587652582
1004,"Netherlands","06/05/1998",22521,"Christian Democratic Appeal",18.37,2028,8.728,4.66965167522653,3.93681234820606,0.732839327020468
1005,"Netherlands","06/05/1998",22527,"Reformed Political League",1.2,1036,17.375,12.5867927371206,3.96904131785869,8.61775141926188
1006,"Netherlands","06/05/1998",22528,"Reformatory Political Federation",2.028,1492,23.19,18.6361026062927,3.76438249232704,14.8717201139656
1007,"Netherlands","06/05/1998",22952,"Reformed Political Party",1.781,1235,27.612,23.0925293090389,3.71952913126155,19.3730001777773
1008,"Netherlands","15/05/2002",22110,"Green Left",6.95,3032,1.089,2.17163265040932,1.87987299483598,0.291759655573346
1009,"Netherlands","15/05/2002",22220,"Socialist Party",5.9,1810,1.712,1.48486346602711,1.92653658320197,-0.441673117174859
1010,"Netherlands","15/05/2002",22320,"Labour Party",15.11,2559,1.68,1.68504791656768,1.93892578785717,-0.253877871289492
1011,"Netherlands","15/05/2002",22330,"Democrats‘66",5.1,1189,1.849,1.32783553790951,1.93128725667338,-0.603451718763869
1012,"Netherlands","15/05/2002",22420,"People’s Party for Freedom and Democracy",15.44,1337,1.271,2.17598435450404,1.84953325638478,0.326451098119261
1013,"Netherlands","15/05/2002",22430,"Livable Netherlands",1.61,217,0.922,2.22267523134878,1.89498045947287,0.327694771875912
1014,"Netherlands","15/05/2002",22521,"Christian Democratic Appeal",27.93,1378,4.209,1.5309918731084,2.04482058109433,-0.513828707985931
1015,"Netherlands","15/05/2002",22526,"Christian Union",2.54,2696,11.572,8.68553506686786,1.72217386859601,6.96336119827184
1016,"Netherlands","15/05/2002",22720,"List Pim Fortuyn",17,127,3.15,0.0499069965248244,2.2825213165148,-2.23261431998998
1017,"Netherlands","15/05/2002",22952,"Reformed Political Party",1.718,2116,20.133,17.3240948964952,1.62874116842876,15.6953537280664
1018,"Netherlands","22/01/2003",22110,"Green Left",5.13,566,3.357,0.538623032671226,1.59631956953232,-1.05769653686109
1019,"Netherlands","22/01/2003",22220,"Socialist Party",6.33,2237,2.236,1.74476850324425,1.52631335613197,0.218455147112285
1020,"Netherlands","22/01/2003",22320,"Labour Party",27.28,399,2.255,2.24069534152615,1.26758915664165,0.973106184884499
1021,"Netherlands","22/01/2003",22330,"Democrats‘66",4.08,417,2.638,1.28303584460185,1.55180587950891,-0.268770034907067
1022,"Netherlands","22/01/2003",22420,"People’s Party for Freedom and Democracy",17.95,203,4.434,0.695065943764973,1.73188279420041,-1.03681685043544
1023,"Netherlands","22/01/2003",22430,"Livable Netherlands",0,1642,2.985,0.882213242854205,1.54053113405939,-0.658317891205183
1024,"Netherlands","22/01/2003",22521,"Christian Democratic Appeal",28.65,1378,4.209,0.484509255210611,1.98150222907495,-1.49699297386434
1025,"Netherlands","22/01/2003",22526,"Christian Union",2.13,327,18.96,15.4307204877536,1.22952405613057,14.201196431623
1026,"Netherlands","22/01/2003",22720,"List Pim Fortuyn",5.71,1020,5.588,1.82811272528673,1.52259458697137,0.30551813831536
1027,"Netherlands","22/11/2006",22110,"Green Left",4.605,1143,4.724,4.1427801117176,5.6894135783106,-1.546633466593
1028,"Netherlands","22/11/2006",22220,"Socialist Party",16.575,1754,3.306,6.45002567034892,5.4493849572196,1.00064071312932
1029,"Netherlands","22/11/2006",22320,"Labour Party",21.193,2268,5.159,4.47476922581144,5.92942634802436,-1.45465712221292
1030,"Netherlands","22/11/2006",22330,"Democrats‘66",1.964,1508,4.642,4.11342417387172,5.64781530625029,-1.53439113237857
1031,"Netherlands","22/11/2006",22420,"People’s Party for Freedom and Democracy",14.67,543,6.261,2.83347409662192,6.10289718828804,-3.26942309166612
1032,"Netherlands","22/11/2006",22521,"Christian Democratic Appeal",26.513,2225,11.237,3.50392331644939,6.39274962690129,-2.8888263104519
1033,"Netherlands","22/11/2006",22526,"Christian Union",3.974,2017,14.228,5.78721427893288,5.61018209315882,0.177032185774057
1034,"Netherlands","22/11/2006",22722,"Party of Freedom",5.89,137,28.467,21.0485548282211,4.63874025356568,16.4098145746554
1035,"Netherlands","22/11/2006",22951,"Party for the Animals",1.829,869,1.726,7.07871191021435,5.58973259625213,1.48897931396223
1036,"Netherlands","22/11/2006",22952,"Reformed Political Party",1.558,1091,28.598,20.2436898562949,5.38289274719995,14.860797109095
1037,"Netherlands","09/06/2010",22110,"Green Left",6.67,1557,4.303,3.83591819453329,5.4788239391204,-1.64290574458711
1038,"Netherlands","09/06/2010",22220,"Socialist Party",9.83,970,1.442,7.14875023296022,5.17150105305376,1.97724917990646
1039,"Netherlands","09/06/2010",22320,"Labour Party",19.63,1682,4.459,4.26842117546139,5.64032089177939,-1.37189971631799
1040,"Netherlands","09/06/2010",22330,"Democrats‘66",6.943,2899,4,4.17318312707975,5.45823718040014,-1.28505405332039
1041,"Netherlands","09/06/2010",22420,"People’s Party for Freedom and Democracy",20.47,1522,6.373,1.90059416557229,6.27300203385506,-4.37240786828277
1042,"Netherlands","09/06/2010",22521,"Christian Democratic Appeal",13.62,1931,7.25,0.730869994488809,6.10861195062925,-5.37774195614044
1043,"Netherlands","09/06/2010",22526,"Christian Union",3.248,2728,14.773,7.12683239417478,5.30830223276082,1.81853016141395
1044,"Netherlands","09/06/2010",22722,"Party of Freedom",15.45,678,19.174,13.384695210363,3.8838293619782,9.50086584838476
1045,"Netherlands","09/06/2010",22951,"Party for the Animals",1.3,1354,0.591,7.38630836774213,5.3411418346993,2.04516653304284
1046,"Netherlands","09/06/2010",22952,"Reformed Political Party",1.74,2055,27.008,19.4703289797347,5.11547444614416,14.3548545335905
1047,"Netherlands","12/09/2012",22110,"Green Left",2.333,1513,3.305,2.53632055496971,4.43751902248073,-1.90119846751102
1048,"Netherlands","12/09/2012",22220,"Socialist Party",9.654,1534,1.435,4.81593280017896,4.34704642436427,0.468886375814695
1049,"Netherlands","12/09/2012",22320,"Labour Party",24.838,2760,3.913,2.49390698050417,5.02818662159567,-2.5342796410915
1050,"Netherlands","12/09/2012",22330,"Democrats‘66",8.033,1929,1.969,4.14904495418891,4.41424892564998,-0.265203971461071
1051,"Netherlands","12/09/2012",22420,"People’s Party for Freedom and Democracy",26.58,1719,3.955,2.49644437699196,5.08816635553428,-2.59172197854232
1052,"Netherlands","12/09/2012",22521,"Christian Democratic Appeal",8.506,1192,8.641,3.12800991684428,4.51154405122456,-1.38353413438028
1053,"Netherlands","12/09/2012",22526,"Christian Union",3.126,2705,9.723,4.06984582990212,4.40326439034473,-0.333418560442611
1054,"Netherlands","12/09/2012",22722,"Party of Freedom",10.083,927,16.074,11.4587779738356,3.59200056771523,7.86677740612041
1055,"Netherlands","12/09/2012",22951,"Party for the Animals",1.933,1191,1.26,4.61157462471429,4.38838752829976,0.223187096414531
1056,"Netherlands","12/09/2012",22952,"Reformed Political Party",2.088,1812,29.195,23.917556465335,3.97233031446098,19.945226150874
1057,"Netherlands","12/09/2012",22953,"50Plus",1.885,206,1.941,3.91508652520221,4.4020083841687,-0.486921858966481
1058,"Netherlands","15/03/2017",22110,"Green Left",9.125,1134,9.171,5.85201854691575,8.24044315288229,-2.38842460596654
1059,"Netherlands","15/03/2017",22220,"Socialist Party",9.087,855,4.679,10.798223978787,7.73655601055087,3.0616679682361
1060,"Netherlands","15/03/2017",22320,"Labour Party",5.703,2190,13.516,1.02401193363733,8.44915710902762,-7.42514517539029
1061,"Netherlands","15/03/2017",22321,"DENK",2.055,874,8.352,6.25933599900426,8.05661351385536,-1.7972775148511
1062,"Netherlands","15/03/2017",22330,"Democrats‘66",12.227,3808,8.351,6.99877444079825,8.16376680938581,-1.16499236858756
1063,"Netherlands","15/03/2017",22420,"People’s Party for Freedom and Democracy",21.285,2812,13.265,1.55096960391806,9.80288818417573,-8.25191858025767
1064,"Netherlands","15/03/2017",22521,"Christian Democratic Appeal",12.379,1415,12.863,1.85032254579669,8.90615259177165,-7.05583004597495
1065,"Netherlands","15/03/2017",22526,"Christian Union",3.388,2630,13.763,0.743277277603651,8.27837015445994,-7.53509287685628
1066,"Netherlands","15/03/2017",22722,"Party of Freedom",13.056,25,40,29.4202449947313,4.74766868412424,24.6725763106071
1067,"Netherlands","15/03/2017",22730,"Forum for Democracy",1.78,510,10.196,4.36358458308338,8.08640258573501,-3.72281800265162
1068,"Netherlands","15/03/2017",22951,"Party for the Animals",3.188,1427,2.872,11.9971296941581,7.88599940696999,4.11113028718816
1069,"Netherlands","15/03/2017",22952,"Reformed Political Party",2.082,2380,22.731,8.42851273032869,8.01026039029007,0.418252340038613
1070,"Netherlands","15/03/2017",22953,"50Plus",3.111,495,5.858,8.90402230611924,7.99023320820016,0.913789097919079
1218,"France","21/03/1993",31220,"French Communist Party",9.14,147,0,5.50747359597653,8.01273875982159,-2.50526516384506
1219,"France","21/03/1993",31320,"Socialist Party",19.04,125,0,6.39145525291829,8.1419721316422,-1.75051687872392
1220,"France","21/03/1993",31624,"Union for French Democracy",19.62,55,0,6.45212700490998,8.1391066654488,-1.68697966053881
1221,"France","21/03/1993",31625,"Rally for the Republic",20.24,127,3.937,1.26372883597884,9.89272945527519,-8.62900061929636
1222,"France","21/03/1993",31720,"National Front",12.68,372.5,24.806,23.6348524397413,4.76484744502256,18.8700049947188
1223,"France","25/05/1997",31110,"The Greens",3.592,48,2.083,4.3383241083794,11.0942151126827,-6.7558910043033
1224,"France","25/05/1997",31111,"Ecology Generation",2.674,123,4.878,1.40917251958454,11.1133095213583,-9.70413700177376
1225,"France","25/05/1997",31220,"French Communist Party",9.901,70,0,7.03528140510669,11.2978729716508,-4.26259156654409
1226,"France","25/05/1997",31320,"Socialist Party",25.484,143,0,8.7868797712058,11.6459570059026,-2.85907723469679
1227,"France","25/05/1997",31624,"Union for French Democracy",14.689,61,1.639,5.52723169900796,11.87784994965,-6.35061825064208
1228,"France","25/05/1997",31625,"Rally for the Republic",16.801,61,1.639,5.69101990964193,12.0274276241715,-6.33640771452958
1229,"France","25/05/1997",31720,"National Front",14.932,75,32,31.0137129927127,6.69579148117554,24.3179215115372
1230,"France","09/06/2002",31110,"The Greens",4.44,266,1.504,3.35284675390035,5.38939581374276,-2.03654905984241
1231,"France","09/06/2002",31220,"French Communist Party",4.91,80,0,4.97025617010505,5.30099811502818,-0.330741944923125
1232,"France","09/06/2002",31320,"Socialist Party",25.29,348,3.161,2.17344055944056,6.62236921568037,-4.44892865623981
1233,"France","09/06/2002",31624,"Union for French Democracy",4.79,347,6.917,2.37299001642866,5.4577176378731,-3.08472762144444
1234,"France","09/06/2002",31626,"Union for the Presidential Majority",33.37,213,1.878,4.65080474777448,5.69809029535821,-1.04728554758373
1235,"France","09/06/2002",31720,"National Front",11.12,312,18.91,16.4042206043956,3.58270447448781,12.8215161299078
1236,"France","10/06/2007",31110,"The Greens",3.251,653,2.603,2.79617023057693,3.87619889869961,-1.08002866812269
1237,"France","10/06/2007",31220,"French Communist Party",4.287,300,0.667,4.79630872387106,3.83348931429605,0.962819409575013
1238,"France","10/06/2007",31320,"Socialist Party",24.733,301,4.982,0.425134894011847,4.40723615402417,-3.98210126001232
1239,"France","10/06/2007",31624,"Democratic Mouvement",7.613,292,7.191,1.92457572076781,3.94245951416862,-2.01788379340081
1240,"France","10/06/2007",31626,"Union for a Popular Movement",39.54,951,2.629,3.49114717113858,3.9602807002967,-0.469133529158122
1241,"France","10/06/2007",31720,"National Front",4.289,1225,27.184,22.3721495889783,3.40164612059019,18.9705034683881
1242,"France","10/06/2012",31021,"Left Front",6.909,747,1.607,4.10204881722762,6.21407009969078,-2.11202128246316
1243,"France","10/06/2012",31110,"Europe Ecology - The Greens",5.465,1130,0.795,4.89645043647175,6.1265250775883,-1.23007464111656
1244,"France","10/06/2012",31230,"Left Radical Party",1.653,458,1.31,4.16027199990934,6.08717579239356,-1.92690379248422
1245,"France","10/06/2012",31320,"Socialist Party",29.354,214,0.934,6.62224772869933,5.77511273138567,0.847134997313661
1246,"France","10/06/2012",31421,"Radical Party",1.237,286,5.245,0.150845648863572,6.13407747214733,-5.98323182328376
1247,"France","10/06/2012",31624,"Democratic Mouvement",1.765,413,2.663,2.7854614930725,6.11715926816518,-3.33169777509268
1248,"France","10/06/2012",31626,"Union for a Popular Movement",27.116,472,8.686,4.71430404931821,6.62944701413841,-1.9151429648202
1249,"France","10/06/2012",31630,"New Centre",2.196,720,0,5.52883553411786,6.0648366120227,-0.536001077904841
1250,"France","10/06/2012",31631,"Centrist Alliance",0.601,72,1.389,4.03172517946938,6.0653388082562,-2.03361362878683
1251,"France","10/06/2012",31720,"National Front",13.596,297,14.142,10.3071707953235,5.29342220073985,5.01374859458362
1252,"France","11/06/2017",31110,"Europe Ecology - The Greens",4.297,220,8.183,0.855684859339203,3.66496384767655,-2.80927898833734
1253,"France","11/06/2017",31220,"French Communist Party",2.717,36,2.778,6.41295001541677,3.44184611804511,2.97110389737166
1254,"France","11/06/2017",31230,"Left Radical Party",0.469,537,6.144,2.86886210543896,3.53471722856196,-0.665855123123005
1255,"France","11/06/2017",31240,"Indomitable France",11.025,1026,6.043,3.36599671961544,3.55424633640323,-0.18824961678779
1256,"France","11/06/2017",31320,"Socialist Party",7.441,76,1.316,8.37195661673285,3.09646433646336,5.27549228026949
1257,"France","11/06/2017",31425,"Republic Onwards!",28.212,362,8.287,1.03409327877304,4.66623090330582,-3.63213762453278
1258,"France","11/06/2017",31430,"Union of Democrats and Independents",3.034,257,10.116,1.1569191747851,3.61382270985038,-2.45690353506528
1259,"France","11/06/2017",31624,"Democratic Mouvement",4.115,452,7.522,1.54644359340366,3.62604311090865,-2.07959951750499
1260,"France","11/06/2017",31626,"The Republicans",15.774,257,10.116,1.3547335659643,3.9920353904338,-2.6373018244695
1261,"France","11/06/2017",31720,"National Front",13.2,258,17.83,10.3444550620103,2.36455447813045,7.97990058387982
1359,"Italy","28/03/1994",32212,"Communist Refoundation Party",6.048,359,4.735,0.746685173602029,5.46344072827659,-4.71675555467456
1360,"Italy","28/03/1994",32220,"Democratic Party of the Left",20.354,156,0,6.93578728692699,4.66894049806345,2.26684678886354
1361,"Italy","28/03/1994",32310,"Pannella-Riformatori List",3.513,30,0,5.64463266862689,5.141071386412,0.503561282214893
1362,"Italy","28/03/1994",32320,"Italian Socialist Party",2.181,761,3.548,1.93043254755006,5.23662264125392,-3.30619009370386
1363,"Italy","28/03/1994",32520,"Italian Popular Party",11.061,226,18.584,14.9045852167201,3.85998385785827,11.0446013588619
1364,"Italy","28/03/1994",32528,"Pact for Italy",4.652,349,0.86,4.81181948347084,5.17802203556514,-0.366202552094299
1365,"Italy","28/03/1994",32529,"Democratic Alliance",1.172,116,1.724,3.75647896171625,5.17761769333027,-1.42113873161402
1366,"Italy","28/03/1994",32610,"Go Italy",21.037,509,4.125,1.68605143812893,6.16177640459702,-4.47572496646809
1367,"Italy","28/03/1994",32710,"National Alliance",13.48,393,9.924,5.24230433918434,5.14609493429519,0.0962094048891418
1368,"Italy","28/03/1994",32720,"Northern League",8.62,602,3.655,1.95824803477079,5.48321396160111,-3.52496592683032
1369,"Italy","28/03/1994",32951,"The Network/Movement for Democracy",1.861,35,5.714,0.286031687618055,5.25835834079525,-4.97232665317719
1370,"Italy","21/04/1996",32110,"Green Federation",2.5,217,0,3.63430526226966,4.02015448441103,-0.385849222141368
1371,"Italy","21/04/1996",32212,"Communist Refoundation Party",8.576,163,2.454,1.19198702820886,4.28263029386924,-3.09064326566039
1372,"Italy","21/04/1996",32220,"Democratic Party of the Left",21.058,107,8.411,6.21505328594473,3.40132929302426,2.81372399292048
1373,"Italy","21/04/1996",32310,"Pannella-Sgarbi List",1.869,30,0,3.61027660889792,4.01807395772334,-0.407797348825421
1374,"Italy","21/04/1996",32321,"Italian Renewal",4.339,34,5.882,2.45032909173049,4.08304547188508,-1.63271638015459
1375,"Italy","21/04/1996",32520,"Italian Popular Party",6.81,61,1.639,2.04505570350398,4.15812369491109,-2.1130679914071
1376,"Italy","21/04/1996",32521,"Christian Democratic Centre",0,54,9.259,5.71806688110825,4.01024129157441,1.70782558953384
1377,"Italy","21/04/1996",32529,"Democratic Alliance",5.84,300,12.334,9.35448805580155,3.66902094868477,5.68546710711678
1378,"Italy","21/04/1996",32610,"Go Italy",20.574,54,0,4.49034416743774,3.88151393088198,0.608830236555761
1379,"Italy","21/04/1996",32710,"National Alliance",15.667,166,1.807,2.06668091621754,4.38321728864344,-2.3165363724259
1380,"Italy","21/04/1996",32720,"Northern League",10.074,538,0.93,2.91245364712895,4.1370180014221,-1.22456435429314
1381,"Italy","13/05/2001",32111,"The Girasole (‘Sunflower')",2.17,1279,1.564,1.36035188548232,1.64081675815651,-0.280464872674188
1382,"Italy","13/05/2001",32212,"Communist Refoundation Party",5.03,1963,2.038,0.902951184573003,1.67500799850276,-0.772056813929754
1383,"Italy","13/05/2001",32213,"Party of Italian Communists",1.67,1279,1.564,1.35312442885985,1.63945492005453,-0.286330491194681
1384,"Italy","13/05/2001",32220,"Democrats of the Left",16.56,1279,1.564,1.60745443069932,1.64010824223866,-0.0326538115393418
1385,"Italy","13/05/2001",32329,"Olive Tree",0,1279,1.564,1.32953163499687,1.63446252163841,-0.304930886641547
1386,"Italy","13/05/2001",32421,"Daisy - Democracy is Freedom",14.51,1279,1.564,1.56690709979082,1.64652391170866,-0.0796168119178362
1387,"Italy","13/05/2001",32522,"White Flower",3.22,621,4.187,1.33846585998271,1.64475972616015,-0.306293866177431
1388,"Italy","13/05/2001",32610,"Go Italy",29.42,621,4.187,1.86691380349608,1.53140771886185,0.335506084634228
1389,"Italy","13/05/2001",32611,"New Italian Socialist Party",0.95,621,4.187,1.30642623642307,1.63774876513683,-0.331322528713756
1390,"Italy","13/05/2001",32629,"House of Freedom",0,624,4.167,1.27346836500313,1.63446252163841,-0.360994156635283
1391,"Italy","13/05/2001",32710,"National Alliance",12.01,621,4.187,1.47891130476304,1.65676370481465,-0.177852400051609
1392,"Italy","13/05/2001",32720,"Northern League",3.94,621,4.187,1.34895905923345,1.6467108191327,-0.297751759899255
1393,"Italy","13/05/2001",32901,"European Democracy",2.4,159,1.887,1.03240094238595,1.64993636818164,-0.617535425795685
1394,"Italy","13/05/2001",32902,"List Di Pietro - Italy of Values",3.9,1147,0.087,2.92565955594253,1.57965550777483,1.3460040481677
1395,"Italy","10/04/2006",32110,"Green Federation",2,3766,0.53,2.58695203658407,3.21675672489638,-0.629804688312308
1396,"Italy","10/04/2006",32212,"Communist Refoundation Party",5.69,3766,0.53,2.69261788797875,3.23582624676307,-0.543208358784319
1397,"Italy","10/04/2006",32213,"Party of Italian Communists",2.25,3766,0.53,2.59384836852207,3.21827020778417,-0.6244218392621
1398,"Italy","10/04/2006",32221,"Rose in the Fist",2.53,3766,0.53,2.60161604278075,3.21992995002074,-0.618313907239991
1399,"Italy","10/04/2006",32329,"Olive Tree",30.43,3766,0.53,3.70809603658537,2.96963683722381,0.738459199361559
1400,"Italy","10/04/2006",32530,"Union for Christian and Center Democrats",6.75,249,5.62,2.75024193548387,3.2379189723416,-0.487677036857732
1401,"Italy","10/04/2006",32610,"Go Italy",23.6,249,5.62,3.39005384509181,3.14290029229612,0.247153552795697
1402,"Italy","10/04/2006",32611,"New Italian Socialist Party",0.73,249,5.62,2.57651206715635,3.20844370520619,-0.631931638049846
1403,"Italy","10/04/2006",32710,"National Alliance",12.01,249,5.62,2.92241847179243,3.24383828932334,-0.321419817530913
1404,"Italy","10/04/2006",32720,"Northern League",4.51,249,5.62,2.68292832167832,3.22929995830862,-0.546371636630302
1405,"Italy","10/04/2006",32902,"List Di Pietro - Italy of Values",2.31,3766,0.53,2.59550896286812,3.2186290355415,-0.623120072673379
1406,"Italy","10/04/2006",32903,"Autonomy Liberty Democracy (Aosta Valley)",0.09,3766,0.53,2.53545028142589,3.20426671242283,-0.668816430996936
1407,"Italy","10/04/2006",32904,"South Tyrolean People’s Party",0.47,3766,0.53,2.5455326496442,3.2068767116978,-0.661344062053597
1408,"Italy","10/04/2006",32952,"Italy in the World",0.19,249,5.62,2.56199499165275,3.20491193517071,-0.642916943517951
1409,"Italy","10/04/2006",32953,"Popular Democratic Union for Europe",1.39,3766,0.53,2.57027789518174,3.21294222993313,-0.642664334751393
1410,"Italy","10/04/2006",32955,"The Union – Prodi",1.08,3766,0.53,2.56188625592417,3.21093946033466,-0.649053204410493
1411,"Italy","13/04/2008",32061,"People of Freedom",37.217,252,2.778,0.0961420744784558,3.00998446841074,-2.91384239393228
1412,"Italy","13/04/2008",32440,"Democratic Party",33.163,198,1.01,2.73831398164209,1.21331158567243,1.52500239596967
1413,"Italy","13/04/2008",32530,"Union of the Center",5.69,235,4.681,2.09328939710446,1.76351964332356,0.329769753780901
1414,"Italy","13/04/2008",32720,"Northern League",8.073,240,8.333,6.17385075962901,1.3441918316653,4.82965892796372
1415,"Italy","13/04/2008",32902,"List Di Pietro - Italy of Values",4.364,43,2.326,0.416838441700438,1.85566404824015,-1.43882560653971
1416,"Italy","24/02/2013",32021,"Civil Revolution",2.25,414,3.865,2.4800981251548,1.26663951270026,1.21345861245455
1417,"Italy","24/02/2013",32061,"People of Freedom",21.566,210,0.952,0.63571896118023,1.48877173776115,-0.853052776580922
1418,"Italy","24/02/2013",32230,"Left Ecology Freedom",3.204,597,3.183,1.80006626263505,1.27775055507169,0.522315707563362
1419,"Italy","24/02/2013",32440,"Democratic Party",25.423,204,1.961,0.706191137642062,1.51027630694212,-0.80408516930006
1420,"Italy","24/02/2013",32450,"Democratic Centre",0.491,392,0.51,0.938416962587191,1.29719794802184,-0.358780985434648
1421,"Italy","24/02/2013",32460,"Civic Choice",8.305,336,2.083,0.700603529709928,1.3522466218489,-0.651643092138974
1422,"Italy","24/02/2013",32530,"Union of the Center",1.789,419,8.353,7.04188251430531,1.18518360892785,5.85669890537746
1423,"Italy","24/02/2013",32630,"Brothers of Italy - National Centre-right",1.958,461,3.036,1.62589903706805,1.2883978213893,0.337501215678749
1424,"Italy","24/02/2013",32640,"Labour and Freedom List",0.227,264,0,1.4470260844821,1.29498290174612,0.15204318273598
1425,"Italy","24/02/2013",32720,"Northern League",3.861,210,0.952,0.512372065753425,1.32847522218721,-0.816103156433784
1426,"Italy","24/02/2013",32904,"South Tyrolean People’s Party",0.432,651,13.672,12.2842232068357,1.24520588668135,11.0390173201544
1427,"Italy","24/02/2013",32906,"Autonomy Progress Federalism Aosta Valley",0.05,11,0,1.44433177643829,1.29526741757014,0.14906435886815
1428,"Italy","24/02/2013",32956,"Five Star Movement",25.555,155,0,1.97394362815573,1.04602770649458,0.92791592166115
1598,"Greece","10/10/1993",34313,"Panhellenic Socialist Movement",46.883,2862,2.726,13.9711424528515,12.9299414328505,1.04120102000106
1599,"Greece","10/10/1993",34511,"New Democracy",39.295,226,17.699,14.4179570879301,12.7433589851498,1.67459810278035
1600,"Greece","10/10/1993",34512,"Political Spring",4.874,1218,8.62,0.933311320754719,14.1748786858276,-13.2415673650729
1601,"Greece","22/09/1996",34210,"Communist Party of Greece",5.61,834,0.6,1.23143945331582,1.96801919905044,-0.736579745734619
1602,"Greece","22/09/1996",34211,"Progressive Left Coalition",5.119,135,0.741,1.07611685563114,1.9726994249698,-0.89658256933866
1603,"Greece","22/09/1996",34313,"Panhellenic Socialist Movement",41.495,6314,2.455,1.20653561902052,2.45643454883474,-1.24989892981421
1604,"Greece","22/09/1996",34314,"Democratic Social Movement",4.437,2103,3.043,1.34323388929383,1.95344088628856,-0.61020699699473
1605,"Greece","22/09/1996",34511,"New Democracy",38.124,7336,0.354,2.30652302659173,1.6821818985764,0.624341128015333
1606,"Greece","22/09/1996",34512,"Political Spring",2.944,343,12.245,10.809887999156,1.64979717952117,9.16009081963482
1607,"Greece","09/04/2000",34210,"Communist Party of Greece",5.53,430,2.326,0.812044248773963,1.95021684811157,-1.1381725993376
1608,"Greece","09/04/2000",34211,"Progressive Left Coalition",3.2,1026,1.072,2.08908321564367,1.87701242822629,0.212070787417381
1609,"Greece","09/04/2000",34313,"Panhellenic Socialist Movement",43.79,3790,2.163,1.71749630781189,2.02594047783146,-0.308444170019568
1610,"Greece","09/04/2000",34511,"New Democracy",42.73,2213,4.292,2.17831092916984,1.64479882530203,0.533512103867811
1611,"Greece","07/03/2004",34020,"Coalition of the Radical Left",3.262,160,2.5,1.14677393634403,0.61897082387116,0.52780311247287
1612,"Greece","07/03/2004",34210,"Communist Party of Greece",5.896,116,1.724,0.353339164760238,0.655841792504862,-0.302502627744624
1613,"Greece","07/03/2004",34313,"Panhellenic Socialist Movement",40.548,3433,1.69,0.518628906823184,0.725176946493094,-0.20654803966991
1614,"Greece","07/03/2004",34511,"New Democracy",45.362,3187,1.004,0.743189956946847,0.540245226122542,0.202944730824306
1615,"Greece","16/09/2007",34020,"Coalition of the Radical Left",5.045,56,1.786,1.82005625755053,1.87236297731914,-0.052306719768614
1616,"Greece","16/09/2007",34210,"Communist Party of Greece",8.154,131,4.58,1.16683926238003,1.93419500735542,-0.767355744975394
1617,"Greece","16/09/2007",34313,"Panhellenic Socialist Movement",38.097,2233,4.12,1.00285054989886,2.43096379572839,-1.42811324582953
1618,"Greece","16/09/2007",34511,"New Democracy",41.835,624,2.244,2.22970142128478,1.59621730553001,0.633484115754778
1619,"Greece","16/09/2007",34710,"Popular Orthodox Rally",3.795,1337,11.369,8.17787062310079,1.61258600813623,6.56528461496457
1620,"Greece","04/10/2009",34020,"Coalition of the Radical Left",4.602,84,2.38,0.617182928310386,2.96186240882651,-2.34467948051613
1621,"Greece","04/10/2009",34210,"Communist Party of Greece",7.541,68,0,1.94692424000365,2.92606993303865,-0.979145693034997
1622,"Greece","04/10/2009",34313,"Panhellenic Socialist Movement",43.923,1293,3.635,3.4212876097561,2.3575785440506,1.0637090657055
1623,"Greece","04/10/2009",34511,"New Democracy",33.477,652,0,2.7653796842583,2.89358305848021,-0.128203374221916
1624,"Greece","04/10/2009",34710,"Popular Orthodox Rally",5.63,NA,0,1.9053735635393,2.90778578898612,-1.00241222544681
1625,"Greece","06/05/2012",34020,"Coalition of the Radical Left",16.781,540,2.222,6.7788533462513,8.35495883019055,-1.57610548393925
1626,"Greece","06/05/2012",34210,"Communist Party of Greece",8.477,541,3.512,4.59717856858636,8.42666317206967,-3.82948460348331
1627,"Greece","06/05/2012",34213,"Democratic Left",6.106,1580,2.405,5.65093394200476,8.22716547638457,-2.57623153437981
1628,"Greece","06/05/2012",34313,"Panhellenic Socialist Movement",13.18,408,1.961,6.74320071862047,8.2813192690655,-1.53811855044503
1629,"Greece","06/05/2012",34511,"New Democracy",18.849,44,4.545,3.99804586140076,9.21120481497623,-5.21315895357547
1630,"Greece","06/05/2012",34710,"Popular Orthodox Rally",2.901,641,13.416,5.97824753612449,8.11346461428467,-2.13521707816018
1631,"Greece","06/05/2012",34720,"Golden Dawn",6.972,186,31.183,25.6725673935942,6.44092882940986,19.2316385641843
1632,"Greece","06/05/2012",34730,"Independent Greeks",10.605,155,18.064,11.9276487183687,7.476829788205,4.45081893016369
1633,"Greece","17/06/2012",34020,"Coalition of the Radical Left",26.887,1127,1.509,6.00046418090542,7.0457461321451,-1.04528195123967
1634,"Greece","17/06/2012",34210,"Communist Party of Greece",4.503,163,0.613,5.44103645280574,6.81250081429276,-1.37146436148702
1635,"Greece","17/06/2012",34213,"Democratic Left",6.256,1580,2.405,3.6299774840474,6.96899764581326,-3.33902016176586
1636,"Greece","17/06/2012",34313,"Panhellenic Socialist Movement",12.279,49,0,6.66375452977232,6.75929053752521,-0.0955360077528908
1637,"Greece","17/06/2012",34511,"New Democracy",29.658,44,4.545,1.8237450511203,9.01550299590799,-7.1917579447877
1638,"Greece","17/06/2012",34720,"Golden Dawn",6.92,186,31.183,27.406834114081,5.10532148970483,22.3015126243762
1639,"Greece","17/06/2012",34730,"Independent Greeks",7.513,155,18.064,13.3362972382461,6.17449997555957,7.1617972626865
1640,"Greece","25/01/2015",34210,"Communist Party of Greece",5.341,62,6.452,1.15059445362285,10.0001668400513,-8.84957238642843
1641,"Greece","25/01/2015",34212,"Coalition of the Radical Left - Unionist Social Front",36.34,151,0,9.00059987718874,9.79657363029542,-0.795973753106681
1642,"Greece","25/01/2015",34313,"Panhellenic Socialist Movement",4.573,584,1.198,4.39472563970623,9.74718602531188,-5.35246038560566
1643,"Greece","25/01/2015",34340,"The River",5.906,751,5.459,0.0956452747252738,10.1335857678672,-10.0379404931419
1644,"Greece","25/01/2015",34511,"New Democracy",27.15,162,1.235,5.91840592077037,11.0100704303734,-5.09166450960305
1645,"Greece","25/01/2015",34720,"Golden Dawn",6.136,172,18.023,13.5782789326345,9.17556904487581,4.40270988775865
1646,"Greece","25/01/2015",34730,"Independent Greeks",4.635,26,57.692,55.1605904781968,6.99728631107721,48.1633041671195
1647,"Greece","20/09/2015",34210,"Communist Party of Greece",5.418,115,0,2.41330956438445,2.15647985972231,0.256829704662141
1648,"Greece","20/09/2015",34212,"Coalition of the Radical Left - Unionist Social Front",35.46,2883,1.699,0.919436967475184,2.91405940238191,-1.99462243490673
1649,"Greece","20/09/2015",34213,"Democratic Left",0.74,NA,0,2.29379250256725,2.1701354349894,0.123657067577855
1650,"Greece","20/09/2015",34214,"Popular Unity",2.86,235,2.553,0.285618221986376,2.22949524459527,-1.94387702260889
1651,"Greece","20/09/2015",34313,"Panhellenic Socialist Movement",5.54,413,0,2.41659338159025,2.15592748270172,0.260665898888531
1652,"Greece","20/09/2015",34340,"The River",3.993,NA,0,2.37560408306471,2.1621433063821,0.213460776682611
1653,"Greece","20/09/2015",34410,"Union of Centrists",3.352,1508,2.851,0.596023854889109,2.22857967646167,-1.63255582157256
1654,"Greece","20/09/2015",34511,"New Democracy",27.414,491,5.091,3.95351129305894,1.45024225002059,2.50326904303835
1655,"Greece","20/09/2015",34720,"Golden Dawn",6.82,NA,0,2.45159309338191,2.1494513923975,0.302141700984413
1656,"Greece","20/09/2015",34730,"Independent Greeks",3.602,NA,0,2.36546334486937,2.16345328490391,0.202010059965461
1810,"Germany","16/10/1994",41221,"Party of Democratic Socialism",4.386,289,3.806,1.03405459973567,5.96466912122178,-4.93061452148611
1811,"Germany","16/10/1994",41320,"Social Democratic Party of Germany",36.387,303,1.32,5.86252399370533,5.62511845978241,0.237405533922918
1812,"Germany","16/10/1994",41420,"Free Democratic Party",6.917,905,2.431,2.55657466580711,5.98836505807928,-3.43179039227217
1813,"Germany","16/10/1994",41521,"Christian Democratic Union/Christian Social Union",41.44,276,8.333,6.62322472216398,4.93895682526283,1.68426789690115
1814,"Germany","27/09/1998",41113,"Alliance‘90/Greens",6.696,2153,3.297,4.11509464328609,6.23757098269214,-2.12247633940604
1815,"Germany","27/09/1998",41221,"Party of Democratic Socialism",5.101,936,1.711,5.71824409669954,6.10767573540266,-0.389431638703115
1816,"Germany","27/09/1998",41320,"Social Democratic Party of Germany",40.929,998,4.209,5.14979114495206,6.80740815904485,-1.65761701409279
1817,"Germany","27/09/1998",41420,"Free Democratic Party",6.248,1605,5.296,1.95297695485427,6.38048550417554,-4.42750854932126
1818,"Germany","27/09/1998",41521,"Christian Democratic Union/Christian Social Union",35.145,567,12.346,8.341454064503,4.74279239418015,3.59866167032285
1819,"Germany","22/09/2002",41113,"Alliance‘90/Greens",8.564,1660,3.131,4.29787535497302,4.19704158823845,0.100833766734572
1820,"Germany","22/09/2002",41221,"Party of Democratic Socialism",3.993,844,2.486,4.75924292691323,4.18218187130162,0.577061055611613
1821,"Germany","22/09/2002",41320,"Social Democratic Party of Germany",38.521,1610,5.404,2.72987653602602,5.17907488200175,-2.44919834597573
1822,"Germany","22/09/2002",41420,"Free Democratic Party",7.373,1982,4.288,2.98850166335484,4.30615437535673,-1.31765271200189
1823,"Germany","22/09/2002",41521,"Christian Democratic Union/Christian Social Union",38.5,1315,10.569,5.83814184530633,3.13086958914863,2.70727225615769
1824,"Germany","18/09/2005",41113,"Alliance‘90/Greens",8.117,1867,2.731,2.9162969927804,3.06019233805274,-0.143895345272346
1825,"Germany","18/09/2005",41222,"The Left. Party of Democratic Socialism",8.709,573,1.921,3.82680564998912,2.97040107800868,0.856404571980445
1826,"Germany","18/09/2005",41320,"Social Democratic Party of Germany",34.247,882,4.534,1.34711016579054,3.99023563179942,-2.64312546600888
1827,"Germany","18/09/2005",41420,"Free Democratic Party",9.829,1419,3.1,2.56313363403407,3.10329834647342,-0.54016471243935
1828,"Germany","18/09/2005",41521,"Christian Democratic Union/Christian Social Union",35.17,777,8.366,4.67739676857903,2.10710248321735,2.57029428536168
1829,"Germany","27/09/2009",41113,"Alliance‘90/Greens",10.706,3596,2.531,2.83961332036597,3.88689343424582,-1.04728011387986
1830,"Germany","27/09/2009",41223,"The Left",11.888,1664,3.066,2.26802975494495,3.98473118295881,-1.71670142801386
1831,"Germany","27/09/2009",41320,"Social Democratic Party of Germany",23.035,2208,3.171,2.48523972264893,4.18390306469013,-1.6986633420412
1832,"Germany","27/09/2009",41420,"Free Democratic Party",14.563,2247,2.716,2.75858332598925,3.95260494021144,-1.19402161422219
1833,"Germany","27/09/2009",41521,"Christian Democratic Union/Christian Social Union",33.8,2006,8.824,5.89765452219564,2.57150425176474,3.3261502704309
1834,"Germany","22/09/2013",41113,"Alliance‘90/Greens",8.444,5430,4.531,1.46796685714286,2.67694757081053,-1.20898071366768
1835,"Germany","22/09/2013",41223,"The Left",8.6,2472,3.359,2.7579852995054,2.55209002349205,0.205895276013356
1836,"Germany","22/09/2013",41320,"Social Democratic Party of Germany",25.7,2898,3.831,2.78469193098343,2.49219637209387,0.292495558889561
1837,"Germany","22/09/2013",41420,"Free Democratic Party",4.8,2579,6.049,0.188667295707891,2.6959846130106,-2.50731731730271
1838,"Germany","22/09/2013",41521,"Christian Democratic Union/Christian Social Union",41.5,2574,7.382,2.66492623613254,2.49860380920093,0.166322426931608
1839,"Germany","22/09/2013",41952,"Pirates",2.2,1794,4.85,1.0437037463731,2.60637775586294,-1.56267400948983
1840,"Germany","22/09/2013",41953,"Alternative for Germany",4.7,73,10.959,5.35137578361317,2.42730435321395,2.92407143039922
1841,"Germany","24/09/2017",41113,"Alliance‘90/Greens",8.94,3875,6.838,4.95843943478665,7.96118145745903,-3.00274202267238
1842,"Germany","24/09/2017",41223,"The Left",9.238,3939,4.316,7.76934368805243,7.66882020406095,0.100523483991477
1843,"Germany","24/09/2017",41320,"Social Democratic Party of Germany",20.508,2645,5.822,7.02421061110514,7.858760724379,-0.834550113273856
1844,"Germany","24/09/2017",41420,"Free Democratic Party",10.748,2077,3.948,8.32354363308328,7.59631603221095,0.727227600872327
1845,"Germany","24/09/2017",41521,"Christian Democratic Union/Christian Social Union",32.925,1342,14.308,4.55795228045303,9.33391279689664,-4.77596051644361
1846,"Germany","24/09/2017",41953,"Alternative for Germany",12.637,1004,27.092,18.1807151616702,6.06717156051021,12.11354360116
1889,"Austria","09/10/1994",42320,"Austrian Social Democratic Party",34.918,606,3.63,2.48796900274344,2.1583298827268,0.32963912001664
1890,"Austria","09/10/1994",42420,"Austrian Freedom Party",22.497,791,6.447,1.70423502297426,2.47524492688979,-0.771009903915533
1891,"Austria","09/10/1994",42421,"Liberal Forum",5.97,150,2,3.38584438541642,2.20748337243889,1.17836101297754
1892,"Austria","09/10/1994",42520,"Austrian People’s Party",27.667,1098,6.739,2.26269647392916,2.29436882433672,-0.0316723504075598
1893,"Austria","17/12/1995",42110,"The Greens",4.815,117,4.274,1.01388429619832,2.76219271518883,-1.74830841899051
1894,"Austria","17/12/1995",42320,"Austrian Social Democratic Party",38.059,259,3.475,0.269367116223721,4.19112872658599,-3.92176161036227
1895,"Austria","17/12/1995",42420,"Freedom Movement",21.885,149,7.383,5.23594762513368,1.94636247389951,3.28958515123416
1896,"Austria","17/12/1995",42421,"Liberal Forum",5.513,34,0,3.50573494895218,2.62767091645507,0.878064032497111
1897,"Austria","17/12/1995",42520,"Austrian People’s Party",28.291,240,0.417,4.05720437727687,2.12103720560362,1.93616717167325
1898,"Austria","03/10/1999",42110,"The Greens",7.4,980,3.877,3.51535417145484,9.41446661716071,-5.89911244570588
1899,"Austria","03/10/1999",42320,"Austrian Social Democratic Party",33.2,899,2.447,7.20233126429271,9.90106350734356,-2.69873224305085
1900,"Austria","03/10/1999",42420,"Austrian Freedom Party",26.91,832,18.15,15.4310552510739,6.3695868625047,9.06146838856922
1901,"Austria","03/10/1999",42520,"Austrian People’s Party",26.91,2741,2.736,6.12708250629536,10.0782212361085,-3.95113872981311
1902,"Austria","24/11/2002",42110,"The Greens",9.47,685,5.11,2.46658095023643,1.22637311368379,1.24020783655264
1903,"Austria","24/11/2002",42220,"Austrian Communist Party",0,217,5.531,2.64993193610744,1.34586409152644,1.304067844581
1904,"Austria","24/11/2002",42320,"Austrian Social Democratic Party",36.51,1151,3.475,0.94492667529945,1.58280525479039,-0.637878579490943
1905,"Austria","24/11/2002",42420,"Austrian Freedom Party",10.01,2668,2.773,0.12032181694608,1.48482736937588,-1.3645055524298
1906,"Austria","24/11/2002",42520,"Austrian People’s Party",42.3,2165,1.895,1.73103464904447,1.05487079659854,0.676163852445933
1907,"Austria","01/10/2006",42110,"The Greens",11.05,693,7.793,0.497761259136994,2.17799252986364,-1.68023127072665
1908,"Austria","01/10/2006",42320,"Austrian Social Democratic Party",35.34,721,6.519,2.71532281513299,1.55754303667104,1.15777977846195
1909,"Austria","01/10/2006",42420,"Austrian Freedom Party",11.04,325,10.462,2.51864811976895,1.91479091187373,0.603857207895215
1910,"Austria","01/10/2006",42520,"Austrian People’s Party",34.33,2060,9.272,1.61799837504062,2.18868547418514,-0.570687099144512
1911,"Austria","01/10/2006",42710,"Alliance for the Future of Austria",4.11,558,9.497,1.32020891455972,2.01407508345311,-0.69386616889339
1912,"Austria","28/09/2008",42110,"The Greens",10.43,697,6.456,0.972034188034187,2.2962504093569,-1.32421622132272
1913,"Austria","28/09/2008",42220,"Austrian Communist Party",0.76,115,2.609,4.75007613672665,2.1293194888884,2.62075664783825
1914,"Austria","28/09/2008",42320,"Austrian Social Democratic Party",29.26,1203,5.154,3.13628650053509,1.70932132792792,1.42696517260716
1915,"Austria","28/09/2008",42420,"Austrian Freedom Party",17.54,462,10.389,3.76575845974329,1.78300334087287,1.98275511887041
1916,"Austria","28/09/2008",42520,"Austrian People’s Party",25.98,610,8.197,1.20740005823264,2.5070053508886,-1.29960529265596
1917,"Austria","28/09/2008",42710,"Alliance for the Future of Austria",10.7,344,7.268,0.0596894128855538,2.41676520599675,-2.35707579311119
1918,"Austria","29/09/2013",42110,"The Greens",12.416,2396,6.052,3.01898847631242,9.09812769223882,-6.0791392159264
1919,"Austria","29/09/2013",42320,"Austrian Social Democratic Party",26.819,725,4.277,6.14137784385077,9.15461243646202,-3.01323459261124
1920,"Austria","29/09/2013",42420,"Austrian Freedom Party",20.506,115,23.479,18.9122994926605,5.35425974331926,13.5580397493412
1921,"Austria","29/09/2013",42430,"The New Austria",4.964,1022,6.752,2.02865566696849,8.64667354810812,-6.61801788113963
1922,"Austria","29/09/2013",42520,"Austrian People’s Party",23.991,1162,4.045,6.20580856169246,9.01167356411153,-2.80586500241907
1923,"Austria","29/09/2013",42951,"Team Stronach for Austria",5.725,1236,2.994,6.04662631911247,8.4441100686279,-2.39748374951543
1924,"Austria","15/10/2017",42110,"The Greens",3.8,1085,3.041,5.53046144680851,3.85261428460815,1.67784716220036
1925,"Austria","15/10/2017",42120,"Peter Pilz List",4.409,71,5.633,2.85215680311807,3.96811616650524,-1.11595936338717
1926,"Austria","15/10/2017",42320,"Austrian Social Democratic Party",26.859,2724,4.663,5.09200287562904,3.4732438366321,1.61875903899694
1927,"Austria","15/10/2017",42420,"Austrian Freedom Party",25.966,452,13.938,7.59895347606983,2.58717418341467,5.01177929265516
1928,"Austria","15/10/2017",42430,"The New Austria and Liberal Forum",5.296,126,6.349,2.12251336158436,4.02059008786742,-1.89807672628305
1929,"Austria","15/10/2017",42520,"Austrian People’s Party",31.47,2795,8.265,0.135024513794663,5.71253241070286,-5.57750789690819
2000,"Switzerland","20/10/1991",43220,"Swiss Labour Party",0.78,177,5.085,0.50613793023873,3.84336066920842,-3.33722273896969
2001,"Switzerland","20/10/1991",43320,"Social Democratic Party of Switzerland",18.491,163,0,7.08471272985672,2.93642182864568,4.14829090121104
2002,"Switzerland","20/10/1991",43321,"Independents’ Alliance",2.771,158,2.532,3.1545850890453,3.83515956613595,-0.680574477090645
2003,"Switzerland","20/10/1991",43420,"Radical Democratic Party",20.991,272,5.147,0.578484139882026,4.83544549963297,-4.25696135975094
2004,"Switzerland","20/10/1991",43520,"Christian Democratic People’s Party of Switzerland",18.199,306,5.229,0.451609981515711,4.69715337122036,-4.24554338970465
2005,"Switzerland","20/10/1991",43530,"Protestant People’s Party of Switzerland",1.896,244,10.656,5.18172529836004,3.7832728493902,1.39845244896984
2006,"Switzerland","20/10/1991",43531,"Liberal Party of Switzerland",3.04,87,14.943,9.69335564585876,3.60182835002383,6.09152729583493
2007,"Switzerland","20/10/1991",43710,"Swiss Democrats",3.312,238,25.21,20.3958568847685,3.1608278207823,17.2350290639862
2008,"Switzerland","20/10/1991",43711,"Federal Democratic Union",1,98,49.999,44.9261293277962,3.33801285615551,41.5881164716407
2009,"Switzerland","20/10/1991",43810,"Swiss People’s Party",11.9,231,5.195,0.453310998451296,4.34289814052579,-3.88958714207449
2010,"Switzerland","20/10/1991",43951,"Swiss Motorists’ Party",5.067,378,2.645,3.12255566885166,3.85609780444041,-0.733542135588743
2011,"Switzerland","22/10/1995",43110,"Green Party of Switzerland",5.069,82,4.878,0.549801168226893,4.18761751358964,-3.63781634536275
2012,"Switzerland","22/10/1995",43220,"Swiss Labour Party",1.21,177,5.085,0.317541316153765,4.04112300974823,-3.72358169359447
2013,"Switzerland","22/10/1995",43320,"Social Democratic Party of Switzerland",21.908,245,3.673,2.24184211604655,4.51799991476336,-2.27615779871681
2014,"Switzerland","22/10/1995",43321,"Independents’ Alliance",1.836,158,2.532,2.92291995411861,4.01483218775182,-1.09191223363322
2015,"Switzerland","22/10/1995",43420,"Radical Democratic Party",20.288,166,3.614,2.26830533728886,4.46154998069123,-2.19324464340237
2016,"Switzerland","22/10/1995",43520,"Christian Democratic People’s Party of Switzerland",16.882,33,3.03,2.87957137196759,4.23417217894688,-1.35460080697929
2017,"Switzerland","22/10/1995",43530,"Protestant People’s Party of Switzerland",1.798,50,18,12.8442863954909,3.82323632047009,9.02105007502079
2018,"Switzerland","22/10/1995",43531,"Liberal Party of Switzerland",2.7,87,14.943,9.82333537113179,3.82344818584664,5.99988718528515
2019,"Switzerland","22/10/1995",43710,"Swiss Democrats",3.15,238,25.21,20.490047787322,3.42875324897182,17.0612945383501
2020,"Switzerland","22/10/1995",43711,"Federal Democratic Union",1.31,98,49.999,45.2233170770707,3.41801024908901,41.8053068279817
2021,"Switzerland","22/10/1995",43810,"Swiss People’s Party",14.979,434,2.995,2.85273586553699,4.20702207744006,-1.35428621190307
2022,"Switzerland","22/10/1995",43951,"Freedom Party of Switzerland",3.99,378,2.645,2.87406018874136,4.04278049692664,-1.16872030818528
2023,"Switzerland","24/10/1999",43110,"Green Party of Switzerland",4.97,291,2.406,5.57042488456648,4.96185094408559,0.608573940480889
2024,"Switzerland","24/10/1999",43220,"Swiss Labour Party",0.96,177,5.085,2.625505038859,5.01808444559306,-2.39257940673407
2025,"Switzerland","24/10/1999",43320,"Social Democratic Party of Switzerland",22.47,509,1.179,8.53037471245254,3.89258849860161,4.63778621385092
2026,"Switzerland","24/10/1999",43321,"Independents’ Alliance",0.74,158,2.532,5.19247437481362,4.99224704966915,0.200227325144464
2027,"Switzerland","24/10/1999",43420,"Radical Democratic Party",19.92,375,6.667,1.28799234393404,5.98187283881748,-4.69388049488344
2028,"Switzerland","24/10/1999",43520,"Christian Democratic People’s Party of Switzerland",15.85,1186,8.768,1.30224350740017,5.73651254642692,-4.43426903902675
2029,"Switzerland","24/10/1999",43530,"Protestant People’s Party of Switzerland",1.83,75,22.667,15.2785879183638,4.79100315870663,10.4875847596572
2030,"Switzerland","24/10/1999",43531,"Liberal Party of Switzerland",2.26,87,14.943,7.43673351231975,4.93404357691785,2.5026899354019
2031,"Switzerland","24/10/1999",43710,"Swiss Democrats",1.84,238,25.21,17.8736603586516,4.7384144750084,13.1352458836432
2032,"Switzerland","24/10/1999",43711,"Federal Democratic Union",1.252,98,49.999,42.8824731205826,4.48581746281783,38.3966556577647
2033,"Switzerland","24/10/1999",43810,"Swiss People’s Party",22.54,878,10.023,3.07047256283638,5.59515673664992,-2.52468417381355
2034,"Switzerland","19/10/2003",43110,"Green Party of Switzerland",7.321,160,3.75,10.7001617883236,8.4253569401599,2.27480484816375
2035,"Switzerland","19/10/2003",43220,"Swiss Labour Party",0.891,175,5.142,8.56969273996289,8.5995856333931,-0.0298928934302101
2036,"Switzerland","19/10/2003",43320,"Social Democratic Party of Switzerland",23.088,783,7.662,7.86714480186095,8.83198380204002,-0.964839000179068
2037,"Switzerland","19/10/2003",43420,"Radical Democratic Party",17.12,481,8.524,6.2202383520523,9.11737129447385,-2.89713294242155
2038,"Switzerland","19/10/2003",43520,"Christian Democratic People’s Party of Switzerland",14.235,153,32.68,22.3748817849431,6.1933482059618,16.1815335789813
2039,"Switzerland","19/10/2003",43530,"Protestant People’s Party of Switzerland",2.273,131,21.375,7.93136509532878,8.61555112581787,-0.684186030489089
2040,"Switzerland","19/10/2003",43531,"Liberal Party of Switzerland",2.159,88,13.636,0.00415525753366097,8.79760764251293,-8.79345238497927
2041,"Switzerland","19/10/2003",43710,"Swiss Democrats",0.95,238,25.21,11.6940998955575,8.56829061902326,3.12580927653424
2042,"Switzerland","19/10/2003",43711,"Federal Democratic Union",1.252,98,49.999,36.8489433043699,8.22498563157158,28.6239576727983
2043,"Switzerland","19/10/2003",43810,"Swiss People’s Party",26.45,1370,12.116,2.0946244136876,11.0823691876826,-8.98774477399498
2044,"Switzerland","21/10/2007",43110,"Green Party of Switzerland",9.586,814,2.703,5.07795423514834,2.51414866729956,2.56380556784878
2045,"Switzerland","21/10/2007",43120,"Green Liberal Party",1.427,103,0.971,6.394187044448,2.71733766905195,3.67684937539605
2046,"Switzerland","21/10/2007",43220,"Swiss Labour Party",0.7,109,0,7.32315813495425,2.73875826516935,4.5843998697849
2047,"Switzerland","21/10/2007",43320,"Social Democratic Party of Switzerland",19.546,1143,4.724,3.20346229460482,2.6610451297938,0.542417164811019
2048,"Switzerland","21/10/2007",43420,"Radical Democratic Party",15.762,127,7.086,0.219668854731008,3.27945332874726,-3.05978447401625
2049,"Switzerland","21/10/2007",43520,"Christian Democratic People’s Party of Switzerland",14.479,125,8,0.861908806863972,3.11548303939539,-2.25357423253142
2050,"Switzerland","21/10/2007",43530,"Protestant People’s Party of Switzerland",2.442,89,12.36,5.22484681195382,2.7078817054283,2.51696510652553
2051,"Switzerland","21/10/2007",43540,"Christian Social Party",0.434,175,6.286,0.987779224482039,2.78067049998432,-1.79289127550228
2052,"Switzerland","21/10/2007",43711,"Federal Democratic Union",1.281,40,40,33.1774784605385,2.35748453701069,30.8199939235278
2053,"Switzerland","21/10/2007",43810,"Swiss People’s Party",28.897,1060,8.868,2.29621962708538,2.98027889525257,-0.684059268167191
2054,"Switzerland","21/10/2007",43901,"Ticino League",0.578,218,6.881,0.390646371385663,2.78705118332677,-2.3964048119411
2055,"Switzerland","23/10/2011",43110,"Green Party of Switzerland",8.433,416,1.682,5.70170628880202,4.00660274012315,1.69510354867888
2056,"Switzerland","23/10/2011",43120,"Green Liberal Party",5.381,71,4.225,2.81343471210236,4.23669032436862,-1.42325561226626
2057,"Switzerland","23/10/2011",43320,"Social Democratic Party of Switzerland",18.722,71,1.408,6.80754684382783,3.50922407400131,3.29832276982652
2058,"Switzerland","23/10/2011",43420,"FDP.The Liberals",15.105,208,11.539,5.53558210888081,3.89701932204431,1.6385627868365
2059,"Switzerland","23/10/2011",43520,"Christian Democratic People’s Party of Switzerland",12.304,148,9.459,2.96108108628428,4.3333893294798,-1.37230824319553
2060,"Switzerland","23/10/2011",43530,"Protestant People’s Party of Switzerland",1.997,25,16,9.31520211741029,4.04614131241876,5.26906080499154
2061,"Switzerland","23/10/2011",43540,"Christian Social Party",0.256,278,3.956,2.93163141965384,4.15971812715772,-1.22808670750389
2062,"Switzerland","23/10/2011",43810,"Swiss People’s Party",26.556,120,7.5,0.859439432446956,5.42796697360207,-4.56852754115511
2063,"Switzerland","23/10/2011",43811,"Conservative Democratic Party of Switzerland",5.415,77,12.987,6.47469445987689,4.01693732048652,2.45775713939037
2064,"Switzerland","23/10/2011",43901,"Ticino League",0.805,NA,0,6.93830414975478,4.13275262798945,2.80555152176532
2065,"Switzerland","23/10/2011",43902,"Geneva Citizens' Movement",0.439,19,0,6.91156610230168,4.14368793512402,2.76787816717767
2066,"Switzerland","18/10/2015",43110,"Green Party of Switzerland",7.057,280,15.357,2.51946496219681,6.99262743258761,-4.47316247039081
2067,"Switzerland","18/10/2015",43120,"Green Liberal Party",4.626,225,5.333,8.08703257806085,6.58618033025403,1.50085224780682
2068,"Switzerland","18/10/2015",43220,"Swiss Labour Party",0.401,353,4.25,8.81248618398041,6.6503073703402,2.16217881364021
2069,"Switzerland","18/10/2015",43320,"Social Democratic Party of Switzerland",18.841,130,3.846,11.4575707905727,5.46851100905165,5.98905978152102
2070,"Switzerland","18/10/2015",43420,"FDP.The Liberals",16.397,111,12.613,0.498450689844418,7.94881061464288,-7.45035992479846
2071,"Switzerland","18/10/2015",43520,"Christian Democratic People’s Party of Switzerland",11.716,278,17.267,4.84033965218229,6.91614000703699,-2.0758003548547
2072,"Switzerland","18/10/2015",43530,"Protestant People’s Party of Switzerland",1.895,555,12.072,0.972642542513436,6.77551827955155,-5.80287573703812
2073,"Switzerland","18/10/2015",43810,"Swiss People’s Party",29.386,1329,19.037,8.71465135705762,5.73546726922016,2.97918408783745
2074,"Switzerland","18/10/2015",43811,"Conservative Democratic Party of Switzerland",4.104,329,6.384,6.94187593221835,6.64667156792991,0.295204364288433
2075,"Switzerland","18/10/2015",43902,"Geneva Citizens' Movement",0.325,21,28.572,15.6003221884498,6.62868423708225,8.9716379513676
2117,"United Kingdom","09/04/1991",51320,"Labour Party",34.392,637,0.7,NA,NA,NA
2118,"United Kingdom","09/04/1992",51421,"Liberal Democrats",17.848,837,0,9.5074617062962,8.51811843405467,0.989343272241523
2119,"United Kingdom","09/04/1992",51620,"Conservative Party",41.926,1686,9.8,9.02438093866974,8.34690415986692,0.677476778802816
2120,"United Kingdom","09/04/1992",51621,"Ulster Unionist Party",0.81,261,3.448,3.39973009006682,8.87005201835265,-5.47032192828583
2121,"United Kingdom","09/04/1992",51902,"Scottish National Party",1.87,813,6.396,0.420379774690447,9.05676871184851,-8.63638893715806
2122,"United Kingdom","09/04/1992",51903,"Democratic Unionist Party",0.31,374,4.545,2.27006708937778,8.83186446537079,-6.56179737599301
2123,"United Kingdom","01/05/1997",51210,"We Ourselves",0.41,537,6.889,2.56591260273096,1.4782574367358,1.08765516599517
2124,"United Kingdom","01/05/1997",51320,"Labour Party",43.208,830,3.493,1.55376553954719,1.42304592074606,0.130719618801133
2125,"United Kingdom","01/05/1997",51421,"Liberal Democrats",16.758,842,4.038,0.360340979797328,1.72585290053794,-1.36551192074061
2126,"United Kingdom","01/05/1997",51620,"Conservative Party",30.687,1084,5.72,2.05504394359103,1.20669629159275,0.84834765199828
2127,"United Kingdom","01/05/1997",51621,"Ulster Unionist Party",0.83,261,3.448,0.894128938999711,1.48822355058993,-0.594094611590221
2128,"United Kingdom","01/05/1997",51902,"Scottish National Party",1.99,651,3.533,0.818540316372665,1.49732626988208,-0.678785953509412
2129,"United Kingdom","01/05/1997",51903,"Democratic Unionist Party",0.34,374,4.545,0.211510571668992,1.48759493715846,-1.27608436548947
2130,"United Kingdom","07/06/2001",51210,"We Ourselves",0.667,537,6.889,5.46590127059525,0.606747624336522,4.85915364625873
2131,"United Kingdom","07/06/2001",51320,"Labour Party",40.67,1494,1.071,0.685474336611616,0.607475776012649,0.0779985605989674
2132,"United Kingdom","07/06/2001",51421,"Liberal Democrats",18.25,1149,1.131,0.409731516183986,0.69633744815828,-0.286605931974294
2133,"United Kingdom","07/06/2001",51620,"Conservative Party",31.7,724,1.657,0.293858542793509,0.816096007520869,-0.52223746472736
2134,"United Kingdom","07/06/2001",51621,"Ulster Unionist Party",0.822,261,3.448,2.00376483389874,0.629072693527186,1.37469214037155
2135,"United Kingdom","07/06/2001",51902,"Scottish National Party",1.761,806,6.203,4.83132046681538,0.561505571151135,4.26981489566424
2136,"United Kingdom","07/06/2001",51903,"Democratic Unionist Party",0.69,374,4.545,3.10601073825503,0.62290362661042,2.48310711164461
2137,"United Kingdom","07/06/2001",51951,"United Kingdom Independence Party",0,360,9.167,7.70534631979695,0.641022745762649,7.0643235740343
2138,"United Kingdom","05/05/2005",51320,"Labour Party",35.186,1068,2.434,0.169209057824504,2.05017447357119,-1.88096541574668
2139,"United Kingdom","05/05/2005",51421,"Liberal Democrats",22.047,685,0.876,2.20283254126878,1.02050089985009,1.1823316414187
2140,"United Kingdom","05/05/2005",51620,"Conservative Party",32.359,344,3.78,1.94616469519333,0.952590969300332,0.993573725893001
2141,"United Kingdom","06/05/2010",51320,"Labour Party",28.997,1133,7.85,3.03472186987332,1.41856481687925,1.61615705299407
2142,"United Kingdom","06/05/2010",51421,"Liberal Democrats",23,815,3.19,3.55051655303728,1.38522558916035,2.16529096387693
2143,"United Kingdom","06/05/2010",51620,"Conservative Party",36.127,1112,5.85,0.0612727657364847,3.26287498856808,-3.20160222283159
2144,"United Kingdom","07/05/2015",51110,"Green Party of England and Wales",3.8,2235,0.716,4.71592360738237,1.90487378835645,2.81104981902592
2145,"United Kingdom","07/05/2015",51210,"We Ourselves",0.573,272,23.162,18.0159927298646,1.91964130855617,16.0963514213084
2146,"United Kingdom","07/05/2015",51320,"Labour Party",30.415,1009,4.46,1.14218669553007,2.4004143517869,-1.25822765625682
2147,"United Kingdom","07/05/2015",51340,"Social Democratic and Labour Party",0.325,407,7.371,2.12748880741027,2.01263181138257,0.114856996027694
2148,"United Kingdom","07/05/2015",51421,"Liberal Democrats",7.861,1917,1.146,4.45938146983128,1.80149951621357,2.65788195361772
2149,"United Kingdom","07/05/2015",51620,"Conservative Party",36.882,1588,5.479,0.364628309720359,2.99515218539938,-2.63052387567903
2150,"United Kingdom","07/05/2015",51621,"Ulster Unionist Party",0.374,417,13.908,8.69039177311018,1.98763253588971,6.70275923722047
2151,"United Kingdom","07/05/2015",51901,"The Party of Wales",0.591,776,7.99,2.75597777823041,2.00853790411214,0.747439874118263
2152,"United Kingdom","07/05/2015",51902,"Scottish National Party",4.733,892,2.69,2.68936661350346,1.97897251000321,0.710394103500247
2153,"United Kingdom","07/05/2015",51903,"Democratic Unionist Party",0.6,229,21.397,16.2451610869499,1.92603648386527,14.3191246030846
2154,"United Kingdom","07/05/2015",51951,"United Kingdom Independence Party",12.629,1348,9.347,4.69697867771665,1.61957649124394,3.07740218647271
2155,"United Kingdom","08/06/2017",51110,"Green Party of England and Wales",1.632,209,2.391,1.17539086210461,2.39039203971318,-1.21500117760857
2156,"United Kingdom","08/06/2017",51210,"We Ourselves",0.742,193,5.182,1.64753600327768,2.3757276666432,-0.728191663365516
2157,"United Kingdom","08/06/2017",51320,"Labour Party",39.988,1328,1.958,2.67714421759386,2.16002878932009,0.517115428273774
2158,"United Kingdom","08/06/2017",51421,"Liberal Democrats",7.365,1131,2.476,1.15755592426956,2.46837456928107,-1.3108186450115
2159,"United Kingdom","08/06/2017",51620,"Conservative Party",42.345,1496,4.746,2.10539111499813,2.57040314570139,-0.465012030703261
2160,"United Kingdom","08/06/2017",51901,"The Party of Wales",0.511,336,2.976,0.573872042999765,2.37961511935127,-1.8057430763515
2161,"United Kingdom","08/06/2017",51902,"Scottish National Party",3.036,787,3.049,0.513746496601494,2.42935543178993,-1.91560893518844
2162,"United Kingdom","08/06/2017",51903,"Democratic Unionist Party",0.908,433,17.783,14.3687362718542,2.25845390373844,12.1102823681158
2163,"United Kingdom","08/06/2017",51951,"United Kingdom Independence Party",1.845,1080,9.074,5.63275315714774,2.30787587135071,3.32487728579703
